age_category,county,quarter,mean_vaccination_rate
0-17,Alameda County,2022.1,0.476143528642902
0-17,Alameda County,2022.2,0.4914953998391537
0-17,Alameda County,2022.3,0.5496615032501782
0-17,Alameda County,2022.4,0.5781661612799782
0-17,Alameda County,2023.1,0.5915643612096028
0-17,Alameda County,2023.2,0.5956326245511648
0-17,Alameda County,2023.3,0.5971617415009666
0-17,Alpine County,2022.1,NA
0-17,Alpine County,2022.2,NA
0-17,Alpine County,2022.3,NA
0-17,Alpine County,2022.4,NA
0-17,Alpine County,2023.1,NA
0-17,Alpine County,2023.2,NA
0-17,Alpine County,2023.3,NA
0-17,Amador County,2022.1,0.27179423648700163
0-17,Amador County,2022.2,0.2814291690368537
0-17,Amador County,2022.3,0.2848906195326871
0-17,Amador County,2022.4,0.2861270263877567
0-17,Amador County,2023.1,0.28686911484997935
0-17,Amador County,2023.2,0.28686911484997935
0-17,Amador County,2023.3,0.28686911484997935
0-17,Butte County,2022.1,0.17879308206261013
0-17,Butte County,2022.2,0.1850100075186983
0-17,Butte County,2022.3,0.19258480120757046
0-17,Butte County,2022.4,0.1981624936057515
0-17,Butte County,2023.1,0.20134185683978095
0-17,Butte County,2023.2,0.20183615867951585
0-17,Butte County,2023.3,0.20216943646655133
0-17,Calaveras County,2022.1,0.2216620995567401
0-17,Calaveras County,2022.2,0.23227898785336448
0-17,Calaveras County,2022.3,0.2376689596061024
0-17,Calaveras County,2022.4,0.2390591127919744
0-17,Calaveras County,2023.1,0.23964712819502182
0-17,Calaveras County,2023.2,0.23964712819502182
0-17,Calaveras County,2023.3,0.23964712819502182
0-17,Colusa County,2022.1,0.41456953642384103
0-17,Colusa County,2022.2,0.4273730684326711
0-17,Colusa County,2022.3,0.43090507726269317
0-17,Colusa County,2022.4,0.4326710816777042
0-17,Colusa County,2023.1,0.4326710816777042
0-17,Colusa County,2023.2,0.4326710816777042
0-17,Colusa County,2023.3,0.4326710816777042
0-17,Contra Costa County,2022.1,0.47807239069052304
0-17,Contra Costa County,2022.2,0.49050317986334774
0-17,Contra Costa County,2022.3,0.5343849428265213
0-17,Contra Costa County,2022.4,0.5575370170913554
0-17,Contra Costa County,2023.1,0.5670430869870422
0-17,Contra Costa County,2023.2,0.569933187475772
0-17,Contra Costa County,2023.3,0.5710636710222836
0-17,Del Norte County,2022.1,0.23839191843239899
0-17,Del Norte County,2022.2,0.249503380314297
0-17,Del Norte County,2022.3,0.25819380628077415
0-17,Del Norte County,2022.4,0.2598928124195818
0-17,Del Norte County,2023.1,0.2620819808727879
0-17,Del Norte County,2023.2,0.2620819808727879
0-17,Del Norte County,2023.3,0.2620819808727879
0-17,El Dorado County,2022.1,0.2597087820446505
0-17,El Dorado County,2022.2,0.2666626123695741
0-17,El Dorado County,2022.3,0.2802496245527356
0-17,El Dorado County,2022.4,0.28723527700511015
0-17,El Dorado County,2023.1,0.2900622769884913
0-17,El Dorado County,2023.2,0.29090450395111117
0-17,El Dorado County,2023.3,0.2913409599285742
0-17,Fresno County,2022.1,0.2588099300708947
0-17,Fresno County,2022.2,0.2687283433208296
0-17,Fresno County,2022.3,0.27996872851329796
0-17,Fresno County,2022.4,0.28511987252206206
0-17,Fresno County,2023.1,0.287747298192477
0-17,Fresno County,2023.2,0.28830819056074963
0-17,Fresno County,2023.3,0.2884752732770834
0-17,Glenn County,2022.1,0.3072332312138792
0-17,Glenn County,2022.2,0.3223718139333802
0-17,Glenn County,2022.3,0.33694585017188766
0-17,Glenn County,2022.4,0.3395088034138329
0-17,Glenn County,2023.1,0.34116664435546784
0-17,Glenn County,2023.2,0.3413488600989081
0-17,Glenn County,2023.3,0.3413488600989081
0-17,Humboldt County,2022.1,0.27814708789168285
0-17,Humboldt County,2022.2,0.2868462729917063
0-17,Humboldt County,2022.3,0.3065928799964784
0-17,Humboldt County,2022.4,0.31966092672274127
0-17,Humboldt County,2023.1,0.32508328632859446
0-17,Humboldt County,2023.2,0.32645049283421146
0-17,Humboldt County,2023.3,0.32729399784562363
0-17,Imperial County,2022.1,0.6106722118947704
0-17,Imperial County,2022.2,0.6332463574629211
0-17,Imperial County,2022.3,0.6585837972257631
0-17,Imperial County,2022.4,0.6754343439455106
0-17,Imperial County,2023.1,0.6846241787716606
0-17,Imperial County,2023.2,0.6879995957244741
0-17,Imperial County,2023.3,0.6897959108558493
0-17,Inyo County,2022.1,0.36141437184292
0-17,Inyo County,2022.2,0.3661082369235783
0-17,Inyo County,2022.3,0.3692673537559068
0-17,Inyo County,2022.4,0.3724050839172234
0-17,Inyo County,2023.1,0.37275134430503504
0-17,Inyo County,2023.2,0.37275134430503504
0-17,Inyo County,2023.3,0.37275134430503504
0-17,Kern County,2022.1,0.22200080530487462
0-17,Kern County,2022.2,0.23098783722602131
0-17,Kern County,2022.3,0.23830469546003752
0-17,Kern County,2022.4,0.24195846832240164
0-17,Kern County,2023.1,0.2435760546133235
0-17,Kern County,2023.2,0.24384456478456987
0-17,Kern County,2023.3,0.24392855996282908
0-17,Kings County,2022.1,0.24008883034076808
0-17,Kings County,2022.2,0.24857042308567376
0-17,Kings County,2022.3,0.2555423413055977
0-17,Kings County,2022.4,0.2579115797117945
0-17,Kings County,2023.1,0.2588347166500628
0-17,Kings County,2023.2,0.25895029018372356
0-17,Kings County,2023.3,0.25895029018372356
0-17,Lake County,2022.1,0.24754558204768584
0-17,Lake County,2022.2,0.2622660301504216
0-17,Lake County,2022.3,0.2665846966540296
0-17,Lake County,2022.4,0.2681630111297306
0-17,Lake County,2023.1,0.2689452518417239
0-17,Lake County,2023.2,0.26903957366779446
0-17,Lake County,2023.3,0.26922821731993557
0-17,Lassen County,2022.1,0.15935057125676488
0-17,Lassen County,2022.2,0.1623571858087793
0-17,Lassen County,2022.3,0.16476247745039085
0-17,Lassen County,2022.4,0.16536380036079373
0-17,Lassen County,2023.1,0.16536380036079373
0-17,Lassen County,2023.2,0.16536380036079373
0-17,Lassen County,2023.3,0.16536380036079373
0-17,Los Angeles County,2022.1,0.3425684578679205
0-17,Los Angeles County,2022.2,0.3543300375376093
0-17,Los Angeles County,2022.3,0.37391480408017663
0-17,Los Angeles County,2022.4,0.38470086993215685
0-17,Los Angeles County,2023.1,0.38956479028833946
0-17,Los Angeles County,2023.2,0.39093074611082756
0-17,Los Angeles County,2023.3,0.39132041358727665
0-17,Madera County,2022.1,0.3663401442440198
0-17,Madera County,2022.2,0.3827349918529249
0-17,Madera County,2022.3,0.39353417692492565
0-17,Madera County,2022.4,0.3972773819997045
0-17,Madera County,2023.1,0.39933402125956646
0-17,Madera County,2023.2,0.39949573243197356
0-17,Madera County,2023.3,0.3995274784637196
0-17,Marin County,2022.1,0.5423896643271977
0-17,Marin County,2022.2,0.5576349264539162
0-17,Marin County,2022.3,0.6592230210862675
0-17,Marin County,2022.4,0.6917422513955808
0-17,Marin County,2023.1,0.7095833134012424
0-17,Marin County,2023.2,0.7147167660293543
0-17,Marin County,2023.3,0.7161458085708514
0-17,Mariposa County,2022.1,0.252131447371269
0-17,Mariposa County,2022.2,0.26447858271465985
0-17,Mariposa County,2022.3,0.26961158849375555
0-17,Mariposa County,2022.4,0.2701435033873726
0-17,Mariposa County,2023.1,0.27065215038635526
0-17,Mariposa County,2023.2,0.27065215038635526
0-17,Mariposa County,2023.3,0.27065215038635526
0-17,Mendocino County,2022.1,0.25911022482379564
0-17,Mendocino County,2022.2,0.2675680132842
0-17,Mendocino County,2022.3,0.27414316468843175
0-17,Mendocino County,2022.4,0.28151450403059924
0-17,Mendocino County,2023.1,0.2853114952847524
0-17,Mendocino County,2023.2,0.28775010622610847
0-17,Mendocino County,2023.3,0.2883944361230157
0-17,Merced County,2022.1,0.3289263591395041
0-17,Merced County,2022.2,0.3430308751312562
0-17,Merced County,2022.3,0.35235707808863587
0-17,Merced County,2022.4,0.3548645414434504
0-17,Merced County,2023.1,0.3561530176463918
0-17,Merced County,2023.2,0.356319889337576
0-17,Merced County,2023.3,0.35633719636422884
0-17,Modoc County,2022.1,0.22085889570552147
0-17,Modoc County,2022.2,0.2254601226993865
0-17,Modoc County,2022.3,0.2254601226993865
0-17,Modoc County,2022.4,0.22699386503067484
0-17,Modoc County,2023.1,0.22699386503067484
0-17,Modoc County,2023.2,0.22699386503067484
0-17,Modoc County,2023.3,0.22699386503067484
0-17,Mono County,2022.1,0.4906032169319313
0-17,Mono County,2022.2,0.5092814506011353
0-17,Mono County,2022.3,0.5247388141572009
0-17,Mono County,2022.4,0.5296981102353345
0-17,Mono County,2023.1,0.5321018076254451
0-17,Mono County,2023.2,0.5321018076254451
0-17,Mono County,2023.3,0.5321018076254451
0-17,Monterey County,2022.1,0.34377879571125025
0-17,Monterey County,2022.2,0.3617613904924926
0-17,Monterey County,2022.3,0.3773237355032104
0-17,Monterey County,2022.4,0.3893040868905707
0-17,Monterey County,2023.1,0.39565996925447533
0-17,Monterey County,2023.2,0.39789693316016217
0-17,Monterey County,2023.3,0.3985727285570202
0-17,Napa County,2022.1,0.40295628191533217
0-17,Napa County,2022.2,0.41597884605675434
0-17,Napa County,2022.3,0.45067781933869006
0-17,Napa County,2022.4,0.46704593267586303
0-17,Napa County,2023.1,0.47250237305299375
0-17,Napa County,2023.2,0.4742292985925913
0-17,Napa County,2023.3,0.47494236973515064
0-17,Nevada County,2022.1,0.29341541327317616
0-17,Nevada County,2022.2,0.3016702683938475
0-17,Nevada County,2022.3,0.3176262245525986
0-17,Nevada County,2022.4,0.3298622146943617
0-17,Nevada County,2023.1,0.3346877835175533
0-17,Nevada County,2023.2,0.3358813044041688
0-17,Nevada County,2023.3,0.3361968388894369
0-17,Orange County,2022.1,0.3194666443796368
0-17,Orange County,2022.2,0.33002002828189403
0-17,Orange County,2022.3,0.3493727205983547
0-17,Orange County,2022.4,0.36061139068606285
0-17,Orange County,2023.1,0.36546446138835526
0-17,Orange County,2023.2,0.3663866736726616
0-17,Orange County,2023.3,0.3665864128250882
0-17,Placer County,2022.1,0.3653736213837746
0-17,Placer County,2022.2,0.37538323323208017
0-17,Placer County,2022.3,0.3954231736380684
0-17,Placer County,2022.4,0.4073848314398262
0-17,Placer County,2023.1,0.41187501939680726
0-17,Placer County,2023.2,0.4126661330245932
0-17,Placer County,2023.3,0.4130625102662006
0-17,Plumas County,2022.1,0.2338306434285083
0-17,Plumas County,2022.2,0.24445840214128295
0-17,Plumas County,2022.3,0.24533512796743873
0-17,Plumas County,2022.4,0.2457913323470008
0-17,Plumas County,2023.1,0.24670374110612486
0-17,Plumas County,2023.2,0.24670374110612486
0-17,Plumas County,2023.3,0.24670374110612486
0-17,Riverside County,2022.1,0.2410401028419826
0-17,Riverside County,2022.2,0.24986011811833458
0-17,Riverside County,2022.3,0.2590514163355169
0-17,Riverside County,2022.4,0.2632562746162028
0-17,Riverside County,2023.1,0.2650379827795644
0-17,Riverside County,2023.2,0.26557096769202204
0-17,Riverside County,2023.3,0.265703328665117
0-17,Sacramento County,2022.1,0.31904984394865377
0-17,Sacramento County,2022.2,0.33109537928423083
0-17,Sacramento County,2022.3,0.351864000303704
0-17,Sacramento County,2022.4,0.36336767142102533
0-17,Sacramento County,2023.1,0.3690418886074367
0-17,Sacramento County,2023.2,0.37066703463947115
0-17,Sacramento County,2023.3,0.3710750378037728
0-17,San Benito County,2022.1,0.40119031143751915
0-17,San Benito County,2022.2,0.4149405803707152
0-17,San Benito County,2022.3,0.4350316747930007
0-17,San Benito County,2022.4,0.44559848770834276
0-17,San Benito County,2023.1,0.45156740627819736
0-17,San Benito County,2023.2,0.45304250990984546
0-17,San Benito County,2023.3,0.45380572303711125
0-17,San Bernardino County,2022.1,0.2172783923083337
0-17,San Bernardino County,2022.2,0.2252843183896778
0-17,San Bernardino County,2022.3,0.23475050964726776
0-17,San Bernardino County,2022.4,0.23942410612686255
0-17,San Bernardino County,2023.1,0.2416884134447271
0-17,San Bernardino County,2023.2,0.24213556240993991
0-17,San Bernardino County,2023.3,0.24223453061116154
0-17,San Diego County,2022.1,0.33626584526671827
0-17,San Diego County,2022.2,0.349615977334157
0-17,San Diego County,2022.3,0.3748715664238096
0-17,San Diego County,2022.4,0.38805385480212917
0-17,San Diego County,2023.1,0.39494001961834624
0-17,San Diego County,2023.2,0.3970640316063314
0-17,San Diego County,2023.3,0.39772618979154717
0-17,San Francisco County,2022.1,0.456435227545043
0-17,San Francisco County,2022.2,0.4690870276482642
0-17,San Francisco County,2022.3,0.5356425610728194
0-17,San Francisco County,2022.4,0.5602170552611634
0-17,San Francisco County,2023.1,0.5723399707264154
0-17,San Francisco County,2023.2,0.5771041916301991
0-17,San Francisco County,2023.3,0.5791867267279769
0-17,San Joaquin County,2022.1,0.280905894153684
0-17,San Joaquin County,2022.2,0.2946101119602451
0-17,San Joaquin County,2022.3,0.30537535760312734
0-17,San Joaquin County,2022.4,0.3117584375768678
0-17,San Joaquin County,2023.1,0.31371620787301047
0-17,San Joaquin County,2023.2,0.31409763218393105
0-17,San Joaquin County,2023.3,0.31412504052017653
0-17,San Luis Obispo County,2022.1,0.27461747055058455
0-17,San Luis Obispo County,2022.2,0.28508075903224483
0-17,San Luis Obispo County,2022.3,0.2994387167219589
0-17,San Luis Obispo County,2022.4,0.3143838887486797
0-17,San Luis Obispo County,2023.1,0.3216371741638776
0-17,San Luis Obispo County,2023.2,0.32345699675512213
0-17,San Luis Obispo County,2023.3,0.32388184168672207
0-17,San Mateo County,2022.1,0.47704793180839233
0-17,San Mateo County,2022.2,0.49067328751601974
0-17,San Mateo County,2022.3,0.5591486532638166
0-17,San Mateo County,2022.4,0.5896811519297005
0-17,San Mateo County,2023.1,0.6055210677959105
0-17,San Mateo County,2023.2,0.610189035503973
0-17,San Mateo County,2023.3,0.6117777798992184
0-17,Santa Barbara County,2022.1,0.29584966442972904
0-17,Santa Barbara County,2022.2,0.3075573812503008
0-17,Santa Barbara County,2022.3,0.3201220367103403
0-17,Santa Barbara County,2022.4,0.331552661815908
0-17,Santa Barbara County,2023.1,0.3375429162480401
0-17,Santa Barbara County,2023.2,0.3391292766323269
0-17,Santa Barbara County,2023.3,0.3396476209646741
0-17,Santa Clara County,2022.1,0.44169984973932164
0-17,Santa Clara County,2022.2,0.45329153310316395
0-17,Santa Clara County,2022.3,0.5018029014821854
0-17,Santa Clara County,2022.4,0.528007433692582
0-17,Santa Clara County,2023.1,0.5402533942689496
0-17,Santa Clara County,2023.2,0.543915725184391
0-17,Santa Clara County,2023.3,0.5451952517441061
0-17,Santa Cruz County,2022.1,0.35608999060970375
0-17,Santa Cruz County,2022.2,0.3685977144678289
0-17,Santa Cruz County,2022.3,0.40861208214744255
0-17,Santa Cruz County,2022.4,0.42433276250365387
0-17,Santa Cruz County,2023.1,0.43152276929555644
0-17,Santa Cruz County,2023.2,0.4336522552303461
0-17,Santa Cruz County,2023.3,0.43425393994755435
0-17,Shasta County,2022.1,0.19611121430354578
0-17,Shasta County,2022.2,0.20145064532025136
0-17,Shasta County,2022.3,0.20497169841459667
0-17,Shasta County,2022.4,0.20584466400401913
0-17,Shasta County,2023.1,0.20656913143917258
0-17,Shasta County,2023.2,0.2067176295934416
0-17,Shasta County,2023.3,0.2067176295934416
0-17,Sierra County,2022.1,NA
0-17,Sierra County,2022.2,NA
0-17,Sierra County,2022.3,NA
0-17,Sierra County,2022.4,NA
0-17,Sierra County,2023.1,NA
0-17,Sierra County,2023.2,NA
0-17,Sierra County,2023.3,NA
0-17,Siskiyou County,2022.1,0.2024699354033337
0-17,Siskiyou County,2022.2,0.2078528127979206
0-17,Siskiyou County,2022.3,0.21062350104526043
0-17,Siskiyou County,2022.4,0.2120930645154395
0-17,Siskiyou County,2023.1,0.21339418929260023
0-17,Siskiyou County,2023.2,0.21339418929260023
0-17,Siskiyou County,2023.3,0.21339418929260023
0-17,Solano County,2022.1,0.2992695952111937
0-17,Solano County,2022.2,0.3092631498146772
0-17,Solano County,2022.3,0.3280605737350286
0-17,Solano County,2022.4,0.33811833125915114
0-17,Solano County,2023.1,0.3417180136208158
0-17,Solano County,2023.2,0.3425795412448344
0-17,Solano County,2023.3,0.3427972816438437
0-17,Sonoma County,2022.1,0.4022224773570477
0-17,Sonoma County,2022.2,0.4155486463473973
0-17,Sonoma County,2022.3,0.45192363267629565
0-17,Sonoma County,2022.4,0.46802850998622936
0-17,Sonoma County,2023.1,0.4752598889417684
0-17,Sonoma County,2023.2,0.47736662182024586
0-17,Sonoma County,2023.3,0.47807601104220177
0-17,Stanislaus County,2022.1,0.3354561872917938
0-17,Stanislaus County,2022.2,0.34850525415263556
0-17,Stanislaus County,2022.3,0.35782809286134415
0-17,Stanislaus County,2022.4,0.3601573073861484
0-17,Stanislaus County,2023.1,0.3615140382675713
0-17,Stanislaus County,2023.2,0.36164260100304013
0-17,Stanislaus County,2023.3,0.36164260100304013
0-17,Statewide County,2022.1,0.3263542745404802
0-17,Statewide County,2022.2,0.33773436223359093
0-17,Statewide County,2022.3,0.3603602138386021
0-17,Statewide County,2022.4,0.37204943996811585
0-17,Statewide County,2023.1,0.37748535239847736
0-17,Statewide County,2023.2,0.3790189679213099
0-17,Statewide County,2023.3,0.3795092503703788
0-17,Sutter County,2022.1,0.3349977724741591
0-17,Sutter County,2022.2,0.35275336546831637
0-17,Sutter County,2022.3,0.36235239501206395
0-17,Sutter County,2022.4,0.3672067193450947
0-17,Sutter County,2023.1,0.3703028524113759
0-17,Sutter County,2023.2,0.3707544610941612
0-17,Sutter County,2023.3,0.3707544610941612
0-17,Tehama County,2022.1,0.12927551721472477
0-17,Tehama County,2022.2,0.13400214267927407
0-17,Tehama County,2022.3,0.13811783818550946
0-17,Tehama County,2022.4,0.14092928029534946
0-17,Tehama County,2023.1,0.14331251407747245
0-17,Tehama County,2023.2,0.14348644224513918
0-17,Tehama County,2023.3,0.14357340632897256
0-17,Trinity County,2022.1,0.1954631752585876
0-17,Trinity County,2022.2,0.19975011967874223
0-17,Trinity County,2022.3,0.20218667512445848
0-17,Trinity County,2022.4,0.20399111931859443
0-17,Trinity County,2023.1,0.20462323057017473
0-17,Trinity County,2023.2,0.20462323057017473
0-17,Trinity County,2023.3,0.20462323057017473
0-17,Tulare County,2022.1,0.20622292881833057
0-17,Tulare County,2022.2,0.214798296921508
0-17,Tulare County,2022.3,0.2216865175934291
0-17,Tulare County,2022.4,0.2245088086750256
0-17,Tulare County,2023.1,0.22552663028496608
0-17,Tulare County,2023.2,0.22573929507372822
0-17,Tulare County,2023.3,0.2257548814291316
0-17,Tuolumne County,2022.1,0.25072540630654117
0-17,Tuolumne County,2022.2,0.25959768344039125
0-17,Tuolumne County,2022.3,0.2651639052833677
0-17,Tuolumne County,2022.4,0.26598856732007553
0-17,Tuolumne County,2023.1,0.26615794401384246
0-17,Tuolumne County,2023.2,0.26615794401384246
0-17,Tuolumne County,2023.3,0.26615794401384246
0-17,Ventura County,2022.1,0.32089561991871457
0-17,Ventura County,2022.2,0.33266149805123374
0-17,Ventura County,2022.3,0.3483518327776677
0-17,Ventura County,2022.4,0.356305158501039
0-17,Ventura County,2023.1,0.35948270894885803
0-17,Ventura County,2023.2,0.3603360681215059
0-17,Ventura County,2023.3,0.3606222856468252
0-17,Yolo County,2022.1,0.31122618504787586
0-17,Yolo County,2022.2,0.32108517485639787
0-17,Yolo County,2022.3,0.3518874382945798
0-17,Yolo County,2022.4,0.3660272795808042
0-17,Yolo County,2023.1,0.3715761630138773
0-17,Yolo County,2023.2,0.3729892613051814
0-17,Yolo County,2023.3,0.3732298266337034
0-17,Yuba County,2022.1,0.27670865704772474
0-17,Yuba County,2022.2,0.28891946448390676
0-17,Yuba County,2022.3,0.29770102663706993
0-17,Yuba County,2022.4,0.30140087402885685
0-17,Yuba County,2023.1,0.30378204772475026
0-17,Yuba County,2023.2,0.3041151498335183
0-17,Yuba County,2023.3,0.3042401498335183
18-49,Alameda County,2022.1,0.8760549836553694
18-49,Alameda County,2022.2,0.8815199711783499
18-49,Alameda County,2022.3,0.8849147271214907
18-49,Alameda County,2022.4,0.8862803117400542
18-49,Alameda County,2023.1,0.8871823128314622
18-49,Alameda County,2023.2,0.8872975464510694
18-49,Alameda County,2023.3,0.8872975464510694
18-49,Alpine County,2022.1,0.5920679886685553
18-49,Alpine County,2022.2,0.6005665722379604
18-49,Alpine County,2022.3,0.6005665722379604
18-49,Alpine County,2022.4,0.6005665722379604
18-49,Alpine County,2023.1,0.6005665722379604
18-49,Alpine County,2023.2,0.6005665722379604
18-49,Alpine County,2023.3,0.6005665722379604
18-49,Amador County,2022.1,0.4412912912912913
18-49,Amador County,2022.2,0.4457207207207207
18-49,Amador County,2022.3,0.4494744744744745
18-49,Amador County,2022.4,0.45
18-49,Amador County,2023.1,0.4509009009009009
18-49,Amador County,2023.2,0.450975975975976
18-49,Amador County,2023.3,0.450975975975976
18-49,Butte County,2022.1,0.47818019247964155
18-49,Butte County,2022.2,0.48265087346530655
18-49,Butte County,2022.3,0.48569862802972763
18-49,Butte County,2022.4,0.4873042274374826
18-49,Butte County,2023.1,0.48806376248666006
18-49,Butte County,2023.2,0.48816952053148227
18-49,Butte County,2023.3,0.48816952053148227
18-49,Calaveras County,2022.1,0.47502203937702026
18-49,Calaveras County,2022.2,0.4803114898618866
18-49,Calaveras County,2022.3,0.48339700264472524
18-49,Calaveras County,2022.4,0.4844255069056715
18-49,Calaveras County,2023.1,0.48508668821627976
18-49,Calaveras County,2023.2,0.4854540111666177
18-49,Calaveras County,2023.3,0.4854540111666177
18-49,Colusa County,2022.1,0.6374405076679006
18-49,Colusa County,2022.2,0.6435748281332628
18-49,Colusa County,2022.3,0.6471708090957166
18-49,Colusa County,2022.4,0.6488630354309889
18-49,Colusa County,2023.1,0.6499206768905341
18-49,Colusa County,2023.2,0.6499206768905341
18-49,Colusa County,2023.3,0.6499206768905341
18-49,Contra Costa County,2022.1,0.8798341401257708
18-49,Contra Costa County,2022.2,0.8848294094364024
18-49,Contra Costa County,2022.3,0.8878689038135494
18-49,Contra Costa County,2022.4,0.8891007880249001
18-49,Contra Costa County,2023.1,0.8899940099101064
18-49,Contra Costa County,2023.2,0.8901125417242569
18-49,Contra Costa County,2023.3,0.8901146583637953
18-49,Del Norte County,2022.1,0.409856190810242
18-49,Del Norte County,2022.2,0.4190634864959663
18-49,Del Norte County,2022.3,0.42186951946685375
18-49,Del Norte County,2022.4,0.4237109786039986
18-49,Del Norte County,2023.1,0.4251139950894423
18-49,Del Norte County,2023.2,0.42520168361978256
18-49,Del Norte County,2023.3,0.42520168361978256
18-49,El Dorado County,2022.1,0.5621284905848645
18-49,El Dorado County,2022.2,0.566975040269126
18-49,El Dorado County,2022.3,0.5698544609638933
18-49,El Dorado County,2022.4,0.5706669707639017
18-49,El Dorado County,2023.1,0.5713226804270666
18-49,El Dorado County,2023.2,0.5714224623323307
18-49,El Dorado County,2023.3,0.5714224623323307
18-49,Fresno County,2022.1,0.6507698101602908
18-49,Fresno County,2022.2,0.6588500870200804
18-49,Fresno County,2022.3,0.6641626573548124
18-49,Fresno County,2022.4,0.6663465159655664
18-49,Fresno County,2023.1,0.6677013996750953
18-49,Fresno County,2023.2,0.6678908159831709
18-49,Fresno County,2023.3,0.6678952728374786
18-49,Glenn County,2022.1,0.5129264062112827
18-49,Glenn County,2022.2,0.519534153795325
18-49,Glenn County,2022.3,0.5229206244321467
18-49,Glenn County,2022.4,0.5242421739489551
18-49,Glenn County,2023.1,0.525315932931362
18-49,Glenn County,2023.2,0.5255637234657636
18-49,Glenn County,2023.3,0.5255637234657636
18-49,Humboldt County,2022.1,0.690088155319628
18-49,Humboldt County,2022.2,0.6960633194201493
18-49,Humboldt County,2022.3,0.7002719132648643
18-49,Humboldt County,2022.4,0.7017440551447028
18-49,Humboldt County,2023.1,0.7027658948024732
18-49,Humboldt County,2023.2,0.7029217686485738
18-49,Humboldt County,2023.3,0.7029217686485738
18-49,Imperial County,2022.1,0.9693043382054655
18-49,Imperial County,2022.2,0.9812777361181113
18-49,Imperial County,2022.3,0.9896124011948811
18-49,Imperial County,2022.4,0.9919357812826534
18-49,Imperial County,2023.1,0.9936199245208797
18-49,Imperial County,2023.2,0.9940747661253642
18-49,Imperial County,2023.3,0.9941116451743764
18-49,Inyo County,2022.1,0.6969644705070714
18-49,Inyo County,2022.2,0.7026560883063125
18-49,Inyo County,2022.3,0.7074853397723353
18-49,Inyo County,2022.4,0.7090375991721283
18-49,Inyo County,2023.1,0.7095550189720593
18-49,Inyo County,2023.2,0.709727492238703
18-49,Inyo County,2023.3,0.709727492238703
18-49,Kern County,2022.1,0.5456851335650661
18-49,Kern County,2022.2,0.552988539271046
18-49,Kern County,2022.3,0.55797302401637106
18-49,Kern County,2022.4,0.5598903174292011
18-49,Kern County,2023.1,0.5610904187923442
18-49,Kern County,2023.2,0.5612027788801285
18-49,Kern County,2023.3,0.5612027788801285
18-49,Kings County,2022.1,0.4615266493564508
18-49,Kings County,2022.2,0.46930228662367035
18-49,Kings County,2022.3,0.4747466286958707
18-49,Kings County,2022.4,0.47674288745567744
18-49,Kings County,2023.1,0.4780830331965268
18-49,Kings County,2023.2,0.4782365915626658
18-49,Kings County,2023.3,0.478250551414133
18-49,Lake County,2022.1,0.5352063972336287
18-49,Lake County,2022.2,0.5436784093365031
18-49,Lake County,2022.3,0.5470931489085801
18-49,Lake County,2022.4,0.5480440890425762
18-49,Lake County,2023.1,0.5488221309703912
18-49,Lake County,2023.2,0.5490382537281175
18-49,Lake County,2023.3,0.5490382537281175
18-49,Lassen County,2022.1,0.2281983963669907
18-49,Lassen County,2022.2,0.23089477045341658
18-49,Lassen County,2022.3,0.23302348683743704
18-49,Lassen County,2022.4,0.23337827290144042
18-49,Lassen County,2023.1,0.23408784502944724
18-49,Lassen County,2023.2,0.23415880224224792
18-49,Lassen County,2023.3,0.23415880224224792
18-49,Los Angeles County,2022.1,0.8089520495104507
18-49,Los Angeles County,2022.2,0.8156287832234647
18-49,Los Angeles County,2022.3,0.819685544306686
18-49,Los Angeles County,2022.4,0.8212037674072229
18-49,Los Angeles County,2023.1,0.8221789416354028
18-49,Los Angeles County,2023.2,0.8223488428907894
18-49,Los Angeles County,2023.3,0.8223604116011027
18-49,Madera County,2022.1,0.5284682447874052
18-49,Madera County,2022.2,0.5353525378777192
18-49,Madera County,2022.3,0.5399514713765765
18-49,Madera County,2022.4,0.5416161160172671
18-49,Madera County,2023.1,0.5431396890782383
18-49,Madera County,2023.2,0.5433371892898456
18-49,Madera County,2023.3,0.5433512964478177
18-49,Marin County,2022.1,0.9289602217478289
18-49,Marin County,2022.2,0.9333079992399772
18-49,Marin County,2022.3,0.9357221893127382
18-49,Marin County,2022.4,0.9365380961428843
18-49,Marin County,2023.1,0.9372645885258911
18-49,Marin County,2023.2,0.9372869421376759
18-49,Marin County,2023.3,0.9372981189435683
18-49,Mariposa County,2022.1,0.49489338828166995
18-49,Mariposa County,2022.2,0.500089589679269
18-49,Mariposa County,2022.3,0.5031356387744131
18-49,Mariposa County,2022.4,0.5047482530012543
18-49,Mariposa County,2023.1,0.5047482530012543
18-49,Mariposa County,2023.2,0.5049274323597922
18-49,Mariposa County,2023.3,0.5049274323597922
18-49,Mendocino County,2022.1,0.68541791942273
18-49,Mendocino County,2022.2,0.6920024052916416
18-49,Mendocino County,2022.3,0.6954900781719784
18-49,Mendocino County,2022.4,0.6971437161755862
18-49,Mendocino County,2023.1,0.6979855682501503
18-49,Mendocino County,2023.2,0.6981058328322309
18-49,Mendocino County,2023.3,0.6981058328322309
18-49,Merced County,2022.1,0.5757823780586677
18-49,Merced County,2022.2,0.5841756171385772
18-49,Merced County,2022.3,0.5897659622111204
18-49,Merced County,2022.4,0.5918739238199662
18-49,Merced County,2023.1,0.5929935371286937
18-49,Merced County,2023.2,0.5931402450794926
18-49,Merced County,2023.3,0.5931402450794926
18-49,Modoc County,2022.1,0.3167192429022082
18-49,Modoc County,2022.2,0.31892744479495266
18-49,Modoc County,2022.3,0.3205047318611987
18-49,Modoc County,2022.4,0.3211356466876972
18-49,Modoc County,2023.1,0.3217665615141956
18-49,Modoc County,2023.2,0.3217665615141956
18-49,Modoc County,2023.3,0.3217665615141956
18-49,Mono County,2022.1,0.7824963072378139
18-49,Mono County,2022.2,0.7856351550960118
18-49,Mono County,2022.3,0.7872968980797637
18-49,Mono County,2022.4,0.7882200886262924
18-49,Mono County,2023.1,0.7885893648449039
18-49,Mono County,2023.2,0.7887740029542097
18-49,Mono County,2023.3,0.7887740029542097
18-49,Monterey County,2022.1,0.7973092157793933
18-49,Monterey County,2022.2,0.8056122369100863
18-49,Monterey County,2022.3,0.8105856995986787
18-49,Monterey County,2022.4,0.8121513226905754
18-49,Monterey County,2023.1,0.8130959152893532
18-49,Monterey County,2023.2,0.813205508905786
18-49,Monterey County,2023.3,0.8132107276494257
18-49,Napa County,2022.1,0.7990615316511731
18-49,Napa County,2022.2,0.8046923417441346
18-49,Napa County,2022.3,0.8082514386896857
18-49,Napa County,2022.4,0.8096148738379814
18-49,Napa County,2023.1,0.8106949977866312
18-49,Napa County,2023.2,0.8108012394864984
18-49,Napa County,2023.3,0.8108012394864984
18-49,Nevada County,2022.1,0.5892621387707203
18-49,Nevada County,2022.2,0.5940443010121754
18-49,Nevada County,2022.3,0.5968901276221211
18-49,Nevada County,2022.4,0.5975649112512835
18-49,Nevada County,2023.1,0.5979756491125129
18-49,Nevada County,2023.2,0.5980343259498313
18-49,Nevada County,2023.3,0.5980930027871497
18-49,Orange County,2022.1,0.7918906899377463
18-49,Orange County,2022.2,0.7980445731373743
18-49,Orange County,2022.3,0.8021306071033781
18-49,Orange County,2022.4,0.8034993908573673
18-49,Orange County,2023.1,0.8043429348860764
18-49,Orange County,2023.2,0.8044761260485042
18-49,Orange County,2023.3,0.8044836509729351
18-49,Placer County,2022.1,0.6322999993803714
18-49,Placer County,2022.2,0.6369286249821857
18-49,Placer County,2022.3,0.6396487945125692
18-49,Placer County,2022.4,0.6407579296969397
18-49,Placer County,2023.1,0.6415262691542689
18-49,Placer County,2023.2,0.6416254097294082
18-49,Placer County,2023.3,0.6416316060153544
18-49,Plumas County,2022.1,0.4563106796116505
18-49,Plumas County,2022.2,0.4591081125555373
18-49,Plumas County,2022.3,0.46108277110416324
18-49,Plumas County,2022.4,0.46190554549942403
18-49,Plumas County,2023.1,0.46239921013658053
18-49,Plumas County,2023.2,0.46239921013658053
18-49,Plumas County,2023.3,0.46239921013658053
18-49,Riverside County,2022.1,0.6116363129494342
18-49,Riverside County,2022.2,0.6187165132114093
18-49,Riverside County,2022.3,0.6231397289360223
18-49,Riverside County,2022.4,0.6246567783179369
18-49,Riverside County,2023.1,0.6255284372768343
18-49,Riverside County,2023.2,0.6256859660043459
18-49,Riverside County,2023.3,0.625694558480392
18-49,Sacramento County,2022.1,0.7070905733158901
18-49,Sacramento County,2022.2,0.7146532271518004
18-49,Sacramento County,2022.3,0.7198613318348508
18-49,Sacramento County,2022.4,0.7220783249775374
18-49,Sacramento County,2023.1,0.7234216911194425
18-49,Sacramento County,2023.2,0.7236748527126338
18-49,Sacramento County,2023.3,0.7236865596071166
18-49,San Benito County,2022.1,0.7807545507927187
18-49,San Benito County,2022.2,0.7890120375807399
18-49,San Benito County,2022.3,0.7935995302407516
18-49,San Benito County,2022.4,0.7952510275983559
18-49,San Benito County,2023.1,0.7965355255431591
18-49,San Benito County,2023.2,0.7968291250733999
18-49,San Benito County,2023.3,0.7968291250733999
18-49,San Bernardino County,2022.1,0.6051677187642798
18-49,San Bernardino County,2022.2,0.6125058670035585
18-49,San Bernardino County,2022.3,0.6170485301993024
18-49,San Bernardino County,2022.4,0.6187770993534407
18-49,San Bernardino County,2023.1,0.6197923235815291
18-49,San Bernardino County,2023.2,0.6199546353980361
18-49,San Bernardino County,2023.3,0.6199629060638454
18-49,San Diego County,2022.1,0.8339984681173388
18-49,San Diego County,2022.2,0.8406177839706286
18-49,San Diego County,2022.3,0.8451583180945866
18-49,San Diego County,2022.4,0.8466979732231433
18-49,San Diego County,2023.1,0.847704861042415
18-49,San Diego County,2023.2,0.8478468852190282
18-49,San Diego County,2023.3,0.8478511247466882
18-49,San Francisco County,2022.1,0.8933135903012355
18-49,San Francisco County,2022.2,0.897688677062607
18-49,San Francisco County,2022.3,0.9001318772847161
18-49,San Francisco County,2022.4,0.9012424228402203
18-49,San Francisco County,2023.1,0.9022025820184165
18-49,San Francisco County,2023.2,0.9023205774836889
18-49,San Francisco County,2023.3,0.9023228911202629
18-49,San Joaquin County,2022.1,0.6927759874338882
18-49,San Joaquin County,2022.2,0.7027652053255806
18-49,San Joaquin County,2022.3,0.7087989812559504
18-49,San Joaquin County,2022.4,0.7107271465856156
18-49,San Joaquin County,2023.1,0.7119945699019999
18-49,San Joaquin County,2023.2,0.7121837823876213
18-49,San Joaquin County,2023.3,0.7121837823876213
18-49,San Luis Obispo County,2022.1,0.6287124326623192
18-49,San Luis Obispo County,2022.2,0.6335235327473774
18-49,San Luis Obispo County,2022.3,0.6361284377658066
18-49,San Luis Obispo County,2022.4,0.6370410405443719
18-49,San Luis Obispo County,2023.1,0.6376523958037993
18-49,San Luis Obispo County,2023.2,0.6377675786787638
18-49,San Luis Obispo County,2023.3,0.6377675786787638
18-49,San Mateo County,2022.1,0.9557981278979346
18-49,San Mateo County,2022.2,0.9606768220083312
18-49,San Mateo County,2022.3,0.9634840071115356
18-49,San Mateo County,2022.4,0.9645520281105708
18-49,San Mateo County,2023.1,0.9653877303424443
18-49,San Mateo County,2023.2,0.9655361562214643
18-49,San Mateo County,2023.3,0.9655361562214643
18-49,Santa Barbara County,2022.1,0.7130140828437306
18-49,Santa Barbara County,2022.2,0.7187909027388227
18-49,Santa Barbara County,2022.3,0.7227667719681536
18-49,Santa Barbara County,2022.4,0.7240559770895456
18-49,Santa Barbara County,2023.1,0.7249121667503173
18-49,Santa Barbara County,2023.2,0.7250302618759411
18-49,Santa Barbara County,2023.3,0.7250302618759411
18-49,Santa Clara County,2022.1,0.9424033707058063
18-49,Santa Clara County,2022.2,0.9473091701709493
18-49,Santa Clara County,2022.3,0.95039796325714
18-49,Santa Clara County,2022.4,0.9515849641838956
18-49,Santa Clara County,2023.1,0.9524493081127039
18-49,Santa Clara County,2023.2,0.9525835522651346
18-49,Santa Clara County,2023.3,0.9525835522651346
18-49,Santa Cruz County,2022.1,0.7961510485588341
18-49,Santa Cruz County,2022.2,0.8013916518416602
18-49,Santa Cruz County,2022.3,0.8043186777554794
18-49,Santa Cruz County,2022.4,0.8054929935412631
18-49,Santa Cruz County,2023.1,0.8061940775924774
18-49,Santa Cruz County,2023.2,0.8062466588963184
18-49,Santa Cruz County,2023.3,0.8062466588963184
18-49,Shasta County,2022.1,0.4150547657888604
18-49,Shasta County,2022.2,0.4209100442787229
18-49,Shasta County,2022.3,0.4242163831274761
18-49,Shasta County,2022.4,0.4257311815427639
18-49,Shasta County,2023.1,0.4262701002097413
18-49,Shasta County,2023.2,0.4263574924260079
18-49,Shasta County,2023.3,0.4263574924260079
18-49,Sierra County,2022.1,0.45289079229122053
18-49,Sierra County,2022.2,0.45610278372591007
18-49,Sierra County,2022.3,0.4582441113490364
18-49,Sierra County,2022.4,0.4593147751605996
18-49,Sierra County,2023.1,0.4593147751605996
18-49,Sierra County,2023.2,0.4593147751605996
18-49,Sierra County,2023.3,0.4593147751605996
18-49,Siskiyou County,2022.1,0.4234687039270875
18-49,Siskiyou County,2022.2,0.42929902157887684
18-49,Siskiyou County,2022.3,0.43238171826832866
18-49,Siskiyou County,2022.4,0.4334539605950945
18-49,Siskiyou County,2023.1,0.43405709690390026
18-49,Siskiyou County,2023.2,0.43412411204932316
18-49,Siskiyou County,2023.3,0.43412411204932316
18-49,Solano County,2022.1,0.7127873836215086
18-49,Solano County,2022.2,0.7200238864308787
18-49,Solano County,2022.3,0.7240628647430851
18-49,Solano County,2022.4,0.7256860562959746
18-49,Solano County,2023.1,0.7266306560625391
18-49,Solano County,2023.2,0.726793518091257
18-49,Solano County,2023.3,0.726793518091257
18-49,Sonoma County,2022.1,0.8029489538402759
18-49,Sonoma County,2022.2,0.8083984355362511
18-49,Sonoma County,2022.3,0.8123850028655024
18-49,Sonoma County,2022.4,0.8140439779205502
18-49,Sonoma County,2023.1,0.8152303964447661
18-49,Sonoma County,2023.2,0.8153208859932234
18-49,Sonoma County,2023.3,0.8153208859932234
18-49,Stanislaus County,2022.1,0.6071241615231974
18-49,Stanislaus County,2022.2,0.6147490757987087
18-49,Stanislaus County,2022.3,0.6194644299169335
18-49,Stanislaus County,2022.4,0.6210713836439705
18-49,Stanislaus County,2023.1,0.6222319613357195
18-49,Stanislaus County,2023.2,0.6224308015696205
18-49,Stanislaus County,2023.3,0.6224308015696205
18-49,Statewide County,2022.1,0.773700225172829
18-49,Statewide County,2022.2,0.7804029654079974
18-49,Statewide County,2022.3,0.7846273019292669
18-49,Statewide County,2022.4,0.7861833933386893
18-49,Statewide County,2023.1,0.7871825308962929
18-49,Statewide County,2023.2,0.7873373507366893
18-49,Statewide County,2023.3,0.7873444252082482
18-49,Sutter County,2022.1,0.6031772535362451
18-49,Sutter County,2022.2,0.6103332299692293
18-49,Sutter County,2022.3,0.614865348376786
18-49,Sutter County,2022.4,0.6167736087589152
18-49,Sutter County,2023.1,0.6180378312620757
18-49,Sutter County,2023.2,0.6181570975359588
18-49,Sutter County,2023.3,0.6181570975359588
18-49,Tehama County,2022.1,0.3960299777192627
18-49,Tehama County,2022.2,0.40133684423739113
18-49,Tehama County,2022.3,0.4048612517723314
18-49,Tehama County,2022.4,0.4062791168725947
18-49,Tehama County,2023.1,0.4070488150698805
18-49,Tehama County,2023.2,0.40717034636418875
18-49,Tehama County,2023.3,0.40717034636418875
18-49,Trinity County,2022.1,0.43394833948339484
18-49,Trinity County,2022.2,0.43862238622386224
18-49,Trinity County,2022.3,0.44157441574415746
18-49,Trinity County,2022.4,0.44231242312423125
18-49,Trinity County,2023.1,0.44255842558425584
18-49,Trinity County,2023.2,0.44255842558425584
18-49,Trinity County,2023.3,0.44280442804428044
18-49,Tulare County,2022.1,0.576022196683
18-49,Tulare County,2022.2,0.5846440884982136
18-49,Tulare County,2022.3,0.5900490000432778
18-49,Tulare County,2022.4,0.5922369313181925
18-49,Tulare County,2023.1,0.5938622516938435
18-49,Tulare County,2023.2,0.5941315355430637
18-49,Tulare County,2023.3,0.5941411528233931
18-49,Tuolumne County,2022.1,0.4465810788473194
18-49,Tuolumne County,2022.2,0.45027274229985126
18-49,Tuolumne County,2022.3,0.45357870957077523
18-49,Tuolumne County,2022.4,0.45490109647914484
18-49,Tuolumne County,2023.1,0.45556228993332964
18-49,Tuolumne County,2023.2,0.45567248884236045
18-49,Tuolumne County,2023.3,0.45567248884236045
18-49,Ventura County,2022.1,0.7701641272880358
18-49,Ventura County,2022.2,0.7759397238786173
18-49,Ventura County,2022.3,0.7795671330203804
18-49,Ventura County,2022.4,0.7807580074047589
18-49,Ventura County,2023.1,0.7814269731606325
18-49,Ventura County,2023.2,0.7815221277724593
18-49,Ventura County,2023.3,0.7815451955571446
18-49,Yolo County,2022.1,0.713466815916805
18-49,Yolo County,2022.2,0.7180345923304687
18-49,Yolo County,2022.3,0.721094821983101
18-49,Yolo County,2022.4,0.7221329529862064
18-49,Yolo County,2023.1,0.7229363761103488
18-49,Yolo County,2023.2,0.7230356755976024
18-49,Yolo County,2023.3,0.7230447028237164
18-49,Yuba County,2022.1,0.5271636418179091
18-49,Yuba County,2022.2,0.5354432278386081
18-49,Yuba County,2022.3,0.5399130043497825
18-49,Yuba County,2022.4,0.5424928753562321
18-49,Yuba County,2023.1,0.544082795860207
18-49,Yuba County,2023.2,0.544322783860807
18-49,Yuba County,2023.3,0.544322783860807
50-64,Alameda County,2022.1,0.8831039832496658
50-64,Alameda County,2022.2,0.8899655659544411
50-64,Alameda County,2022.3,0.8929801215912817
50-64,Alameda County,2022.4,0.893708534093489
50-64,Alameda County,2023.1,0.8942288287379229
50-64,Alameda County,2023.2,0.8942950480563053
50-64,Alameda County,2023.3,0.8942982013571807
50-64,Alpine County,2022.1,0.5365853658536586
50-64,Alpine County,2022.2,0.5505226480836237
50-64,Alpine County,2022.3,0.5505226480836237
50-64,Alpine County,2022.4,0.5505226480836237
50-64,Alpine County,2023.1,0.5505226480836237
50-64,Alpine County,2023.2,0.5505226480836237
50-64,Alpine County,2023.3,0.5505226480836237
50-64,Amador County,2022.1,0.6950757575757576
50-64,Amador County,2022.2,0.7001262626262627
50-64,Amador County,2022.3,0.7017676767676768
50-64,Amador County,2022.4,0.7022727272727273
50-64,Amador County,2023.1,0.7025252525252526
50-64,Amador County,2023.2,0.7025252525252526
50-64,Amador County,2023.3,0.7025252525252526
50-64,Butte County,2022.1,0.7406211106501511
50-64,Butte County,2022.2,0.7453920464647662
50-64,Butte County,2022.3,0.7481479286433947
50-64,Butte County,2022.4,0.7488887571860369
50-64,Butte County,2023.1,0.7491554554613881
50-64,Butte County,2023.2,0.7491554554613881
50-64,Butte County,2023.3,0.7491554554613881
50-64,Calaveras County,2022.1,0.6694772344013491
50-64,Calaveras County,2022.2,0.6749578414839797
50-64,Calaveras County,2022.3,0.6772765598650927
50-64,Calaveras County,2022.4,0.6775927487352446
50-64,Calaveras County,2023.1,0.6776981450252951
50-64,Calaveras County,2023.2,0.6776981450252951
50-64,Calaveras County,2023.3,0.6776981450252951
50-64,Colusa County,2022.1,0.7717050209205021
50-64,Colusa County,2022.2,0.7771966527196653
50-64,Colusa County,2022.3,0.7782426778242678
50-64,Colusa County,2022.4,0.7798117154811716
50-64,Colusa County,2023.1,0.7798117154811716
50-64,Colusa County,2023.2,0.7798117154811716
50-64,Colusa County,2023.3,0.7798117154811716
50-64,Contra Costa County,2022.1,0.8740215161789945
50-64,Contra Costa County,2022.2,0.8786847503034869
50-64,Contra Costa County,2022.3,0.880878228473356
50-64,Contra Costa County,2022.4,0.881380551718364
50-64,Contra Costa County,2023.1,0.8817070618276194
50-64,Contra Costa County,2023.2,0.8817363640169116
50-64,Contra Costa County,2023.3,0.8817363640169116
50-64,Del Norte County,2022.1,0.7057356608478803
50-64,Del Norte County,2022.2,0.7136325852036576
50-64,Del Norte County,2022.3,0.7161263507896924
50-64,Del Norte County,2022.4,0.7171654197838736
50-64,Del Norte County,2023.1,0.7175810473815462
50-64,Del Norte County,2023.2,0.7175810473815462
50-64,Del Norte County,2023.3,0.7175810473815462
50-64,El Dorado County,2022.1,0.7654392213916621
50-64,El Dorado County,2022.2,0.7715848091105203
50-64,El Dorado County,2022.3,0.7738925400090303
50-64,El Dorado County,2022.4,0.7741935483870968
50-64,El Dorado County,2023.1,0.7744443887021523
50-64,El Dorado County,2023.2,0.7744694727336577
50-64,El Dorado County,2023.3,0.7744694727336577
50-64,Fresno County,2022.1,0.7957679310235922
50-64,Fresno County,2022.2,0.8020149701544389
50-64,Fresno County,2022.3,0.8050342671256672
50-64,Fresno County,2022.4,0.80590594700439
50-64,Fresno County,2023.1,0.806436534756656
50-64,Fresno County,2023.2,0.8064870669235386
50-64,Fresno County,2023.3,0.8064933834443988
50-64,Glenn County,2022.1,0.747845711940911
50-64,Glenn County,2022.2,0.7537956503898235
50-64,Glenn County,2022.3,0.7550266721378744
50-64,Glenn County,2022.4,0.7558473533032417
50-64,Glenn County,2023.1,0.7560525235945835
50-64,Glenn County,2023.2,0.7562576938859253
50-64,Glenn County,2023.3,0.7562576938859253
50-64,Humboldt County,2022.1,0.785872060288449
50-64,Humboldt County,2022.2,0.7909394083762831
50-64,Humboldt County,2022.3,0.7934947377539088
50-64,Humboldt County,2022.4,0.7942310191000044
50-64,Humboldt County,2023.1,0.7948806791112651
50-64,Humboldt County,2023.2,0.7949239897786825
50-64,Humboldt County,2023.3,0.7949239897786825
50-64,Imperial County,2022.1,1.081284062209225
50-64,Imperial County,2022.2,1.1123222118835572
50-64,Imperial County,2022.3,1.134853117107537
50-64,Imperial County,2022.4,1.136481456865612
50-64,Imperial County,2023.1,1.137511630998272
50-64,Imperial County,2023.2,1.1376777881164428
50-64,Imperial County,2023.3,1.137711019540077
50-64,Inyo County,2022.1,0.664179104477612
50-64,Inyo County,2022.2,0.6723880597014925
50-64,Inyo County,2022.3,0.6736318407960199
50-64,Inyo County,2022.4,0.6738805970149254
50-64,Inyo County,2023.1,0.6746268656716418
50-64,Inyo County,2023.2,0.6746268656716418
50-64,Inyo County,2023.3,0.6746268656716418
50-64,Kern County,2022.1,0.7378468916393385
50-64,Kern County,2022.2,0.7438696710039141
50-64,Kern County,2022.3,0.7470644239923834
50-64,Kern County,2022.4,0.7479036637399062
50-64,Kern County,2023.1,0.7482844952219754
50-64,Kern County,2023.2,0.7483409147008004
50-64,Kern County,2023.3,0.7483409147008004
50-64,Kings County,2022.1,0.756230130243052
50-64,Kings County,2022.2,0.7643831401907497
50-64,Kings County,2022.3,0.7688442211055276
50-64,Kings County,2022.4,0.7699210337401292
50-64,Kings County,2023.1,0.7704338016613681
50-64,Kings County,2023.2,0.7704850784534919
50-64,Kings County,2023.3,0.7704850784534919
50-64,Lake County,2022.1,0.7471459800825844
50-64,Lake County,2022.2,0.753056432677516
50-64,Lake County,2022.3,0.7554853857987207
50-64,Lake County,2022.4,0.7558092462148814
50-64,Lake County,2023.1,0.756133106631042
50-64,Lake County,2023.2,0.756133106631042
50-64,Lake County,2023.3,0.756133106631042
50-64,Lassen County,2022.1,0.4197324414715719
50-64,Lassen County,2022.2,0.4230769230769231
50-64,Lassen County,2022.3,0.4243775548123374
50-64,Lassen County,2022.4,0.4258639910813824
50-64,Lassen County,2023.1,0.4258639910813824
50-64,Lassen County,2023.2,0.4258639910813824
50-64,Lassen County,2023.3,0.4258639910813824
50-64,Los Angeles County,2022.1,0.8215833220890607
50-64,Los Angeles County,2022.2,0.8283643793618055
50-64,Los Angeles County,2022.3,0.8315585982162694
50-64,Los Angeles County,2022.4,0.8322489796456685
50-64,Los Angeles County,2023.1,0.8326908034700671
50-64,Los Angeles County,2023.2,0.8327648634911489
50-64,Los Angeles County,2023.3,0.8327684143140774
50-64,Madera County,2022.1,0.7381984585741811
50-64,Madera County,2022.2,0.7434168272318561
50-64,Madera County,2022.3,0.7459457289659602
50-64,Madera County,2022.4,0.7465077071290944
50-64,Madera County,2023.1,0.7470696852922286
50-64,Madera County,2023.2,0.7471098265895953
50-64,Madera County,2023.3,0.7471098265895953
50-64,Marin County,2022.1,0.9108666562396817
50-64,Marin County,2022.2,0.9176963314390977
50-64,Marin County,2022.3,0.920424725857185
50-64,Marin County,2022.4,0.9205811306327442
50-64,Marin County,2023.1,0.9207375354083034
50-64,Marin County,2023.2,0.9207549137166988
50-64,Marin County,2023.3,0.9207549137166988
50-64,Mariposa County,2022.1,0.5836776859504132
50-64,Mariposa County,2022.2,0.5901342975206612
50-64,Mariposa County,2022.3,0.5932334710743802
50-64,Mariposa County,2022.4,0.59349173553719
50-64,Mariposa County,2023.1,0.59400826446281
50-64,Mariposa County,2023.2,0.5942665289256198
50-64,Mariposa County,2023.3,0.5942665289256198
50-64,Mendocino County,2022.1,0.7971689327621531
50-64,Mendocino County,2022.2,0.8034394983547526
50-64,Mendocino County,2022.3,0.8054262122058732
50-64,Mendocino County,2022.4,0.8057366362451108
50-64,Mendocino County,2023.1,0.8061091450921959
50-64,Mendocino County,2023.2,0.8061712299000434
50-64,Mendocino County,2023.3,0.8061712299000434
50-64,Merced County,2022.1,0.7333502737415972
50-64,Merced County,2022.2,0.740765552449814
50-64,Merced County,2022.3,0.7444847420822842
50-64,Merced County,2022.4,0.7451084571138165
50-64,Merced County,2023.1,0.7454549654646677
50-64,Merced County,2023.2,0.7454780660213911
50-64,Merced County,2023.3,0.7454780660213911
50-64,Modoc County,2022.1,0.5171270718232044
50-64,Modoc County,2022.2,0.5209944751381216
50-64,Modoc County,2022.3,0.5226519337016574
50-64,Modoc County,2022.4,0.5248618784530387
50-64,Modoc County,2023.1,0.5259668508287293
50-64,Modoc County,2023.2,0.5259668508287293
50-64,Modoc County,2023.3,0.5259668508287293
50-64,Mono County,2022.1,0.6431522084524944
50-64,Mono County,2022.2,0.6456943120432158
50-64,Mono County,2022.3,0.6482364156339371
50-64,Mono County,2022.4,0.6482364156339371
50-64,Mono County,2023.1,0.6485541785827772
50-64,Mono County,2023.2,0.6485541785827772
50-64,Mono County,2023.3,0.6485541785827772
50-64,Monterey County,2022.1,0.8435121284591732
50-64,Monterey County,2022.2,0.8522036214554151
50-64,Monterey County,2022.3,0.8563717116501537
50-64,Monterey County,2022.4,0.8570140075162282
50-64,Monterey County,2023.1,0.8572873249060472
50-64,Monterey County,2023.2,0.8573419883840109
50-64,Monterey County,2023.3,0.8573556542535019
50-64,Napa County,2022.1,0.8730089301986513
50-64,Napa County,2022.2,0.8803353380718061
50-64,Napa County,2022.3,0.8826316748678695
50-64,Napa County,2022.4,0.8833242208857299
50-64,Napa County,2023.1,0.8838345179515218
50-64,Napa County,2023.2,0.8839438673227629
50-64,Napa County,2023.3,0.8839438673227629
50-64,Nevada County,2022.1,0.7414504867234086
50-64,Nevada County,2022.2,0.7484837673920799
50-64,Nevada County,2022.3,0.7511849548952653
50-64,Nevada County,2022.4,0.7515417155088935
50-64,Nevada County,2023.1,0.7516946129147342
50-64,Nevada County,2023.2,0.7517455787166811
50-64,Nevada County,2023.3,0.7517455787166811
50-64,Orange County,2022.1,0.8280728634661219
50-64,Orange County,2022.2,0.8343501408363513
50-64,Orange County,2022.3,0.8373974680409818
50-64,Orange County,2022.4,0.8380397437087937
50-64,Orange County,2023.1,0.8384204661528462
50-64,Orange County,2023.2,0.8384808245890983
50-64,Orange County,2023.3,0.83848237224131
50-64,Placer County,2022.1,0.7980165590028205
50-64,Placer County,2022.2,0.8032936038577018
50-64,Placer County,2022.3,0.8054902062726647
50-64,Placer County,2022.4,0.8058541404005874
50-64,Placer County,2023.1,0.806101095701678
50-64,Placer County,2023.2,0.8061530862913813
50-64,Placer County,2023.3,0.8061530862913813
50-64,Plumas County,2022.1,0.6990343347639485
50-64,Plumas County,2022.2,0.7043991416309013
50-64,Plumas County,2022.3,0.70681330472103
50-64,Plumas County,2022.4,0.7070815450643777
50-64,Plumas County,2023.1,0.7073497854077253
50-64,Plumas County,2023.2,0.7073497854077253
50-64,Plumas County,2023.3,0.7073497854077253
50-64,Riverside County,2022.1,0.7503036589500248
50-64,Riverside County,2022.2,0.7570077301128646
50-64,Riverside County,2022.3,0.760099326225132
50-64,Riverside County,2022.4,0.7607077667091003
50-64,Riverside County,2023.1,0.7610782194022914
50-64,Riverside County,2023.2,0.7611208775912043
50-64,Riverside County,2023.3,0.7611208775912043
50-64,Sacramento County,2022.1,0.8053591445296514
50-64,Sacramento County,2022.2,0.811945981531235
50-64,Sacramento County,2022.3,0.8150668113801754
50-64,Sacramento County,2022.4,0.8158496877390886
50-64,Sacramento County,2023.1,0.8163870256036154
50-64,Sacramento County,2023.2,0.8164368450082736
50-64,Sacramento County,2023.3,0.816447520594986
50-64,San Benito County,2022.1,0.8670353041259039
50-64,San Benito County,2022.2,0.8755423224159932
50-64,San Benito County,2022.3,0.8786048490004253
50-64,San Benito County,2022.4,0.8792854104636325
50-64,San Benito County,2023.1,0.8794555508294343
50-64,San Benito County,2023.2,0.8794555508294343
50-64,San Benito County,2023.3,0.8794555508294343
50-64,San Bernardino County,2022.1,0.7543534117362993
50-64,San Bernardino County,2022.2,0.7607126079003105
50-64,San Bernardino County,2022.3,0.7638042847807088
50-64,San Bernardino County,2022.4,0.7646966193641853
50-64,San Bernardino County,2023.1,0.7652792613569259
50-64,San Bernardino County,2023.2,0.7653317516265422
50-64,San Bernardino County,2023.3,0.7653343761400231
50-64,San Diego County,2022.1,0.8741113630250164
50-64,San Diego County,2022.2,0.8833089123501117
50-64,San Diego County,2022.3,0.8885083262465143
50-64,San Diego County,2022.4,0.8891181546758804
50-64,San Diego County,2023.1,0.8895191377527237
50-64,San Diego County,2023.2,0.8895726021629695
50-64,San Diego County,2023.3,0.8895726021629695
50-64,San Francisco County,2022.1,0.8931377430205588
50-64,San Francisco County,2022.2,0.9013952810598793
50-64,San Francisco County,2022.3,0.904388638599133
50-64,San Francisco County,2022.4,0.9050990297392804
50-64,San Francisco County,2023.1,0.9056758430582035
50-64,San Francisco County,2023.2,0.9057547754071088
50-64,San Francisco County,2023.3,0.9057547754071088
50-64,San Joaquin County,2022.1,0.7727435941629324
50-64,San Joaquin County,2022.2,0.7798029415144203
50-64,San Joaquin County,2022.3,0.7834582902447432
50-64,San Joaquin County,2022.4,0.7840615305067218
50-64,San Joaquin County,2023.1,0.7846145007468689
50-64,San Joaquin County,2023.2,0.7847006779271516
50-64,San Joaquin County,2023.3,0.7847006779271516
50-64,San Luis Obispo County,2022.1,0.7658610271903323
50-64,San Luis Obispo County,2022.2,0.7725703299721427
50-64,San Luis Obispo County,2022.3,0.7749440891434849
50-64,San Luis Obispo County,2022.4,0.7754149174088751
50-64,San Luis Obispo County,2023.1,0.7756110958527876
50-64,San Luis Obispo County,2023.2,0.7756503315415703
50-64,San Luis Obispo County,2023.3,0.7756503315415703
50-64,San Mateo County,2022.1,0.8571665632087125
50-64,San Mateo County,2022.2,0.8635891510506616
50-64,San Mateo County,2022.3,0.8661213100849994
50-64,San Mateo County,2022.4,0.8667727878948047
50-64,San Mateo County,2023.1,0.8671661329875174
50-64,San Mateo County,2023.2,0.8672030090899593
50-64,San Mateo County,2023.3,0.8672030090899593
50-64,Santa Barbara County,2022.1,0.8280142781597039
50-64,Santa Barbara County,2022.2,0.8351136964569011
50-64,Santa Barbara County,2022.3,0.8378503437334743
50-64,Santa Barbara County,2022.4,0.8384320465362243
50-64,Santa Barbara County,2023.1,0.8386039132734003
50-64,Santa Barbara County,2023.2,0.8386171337916446
50-64,Santa Barbara County,2023.3,0.8386171337916446
50-64,Santa Clara County,2022.1,0.8935741415394155
50-64,Santa Clara County,2022.2,0.9003643128439656
50-64,Santa Clara County,2022.3,0.9033485776296412
50-64,Santa Clara County,2022.4,0.9040591168643257
50-64,Santa Clara County,2023.1,0.9045913753455804
50-64,Santa Clara County,2023.2,0.9046559698214609
50-64,Santa Clara County,2023.3,0.9046637211585665
50-64,Santa Cruz County,2022.1,0.8644129968917119
50-64,Santa Cruz County,2022.2,0.8712087572639342
50-64,Santa Cruz County,2022.3,0.8735061876170435
50-64,Santa Cruz County,2022.4,0.8739888410525706
50-64,Santa Cruz County,2023.1,0.8741239840145182
50-64,Santa Cruz County,2023.2,0.8741625962893604
50-64,Santa Cruz County,2023.3,0.8741819024267815
50-64,Shasta County,2022.1,0.6320228164867517
50-64,Shasta County,2022.2,0.6364389106967615
50-64,Shasta County,2022.3,0.6387389597644749
50-64,Shasta County,2022.4,0.6395669774288518
50-64,Shasta County,2023.1,0.6399656526005888
50-64,Shasta County,2023.2,0.6400576545632973
50-64,Shasta County,2023.3,0.6400883218842002
50-64,Sierra County,2022.1,0.6104477611940299
50-64,Sierra County,2022.2,0.6119402985074627
50-64,Sierra County,2022.3,0.6149253731343284
50-64,Sierra County,2022.4,0.6149253731343284
50-64,Sierra County,2023.1,0.6149253731343284
50-64,Sierra County,2023.2,0.6149253731343284
50-64,Sierra County,2023.3,0.6149253731343284
50-64,Siskiyou County,2022.1,0.6444472080586992
50-64,Siskiyou County,2022.2,0.6514115159805994
50-64,Siskiyou County,2022.3,0.654271856734237
50-64,Siskiyou County,2022.4,0.6551423952244746
50-64,Siskiyou County,2023.1,0.6555154831488621
50-64,Siskiyou County,2023.2,0.6556398457903246
50-64,Siskiyou County,2023.3,0.6556398457903246
50-64,Solano County,2022.1,0.834354153312917
50-64,Solano County,2022.2,0.8414168031716639
50-64,Solano County,2022.3,0.8442774731144506
50-64,Solano County,2022.4,0.8448116231037676
50-64,Solano County,2023.1,0.8451914630961708
50-64,Solano County,2023.2,0.8452389430952212
50-64,Solano County,2023.3,0.8452389430952212
50-64,Sonoma County,2022.1,0.8453176188180664
50-64,Sonoma County,2022.2,0.8507481775163064
50-64,Sonoma County,2022.3,0.8526665814042717
50-64,Sonoma County,2022.4,0.8532273456176769
50-64,Sonoma County,2023.1,0.8535421606146762
50-64,Sonoma County,2023.2,0.8535421606146762
50-64,Sonoma County,2023.3,0.8535421606146762
50-64,Stanislaus County,2022.1,0.7642425139570292
50-64,Stanislaus County,2022.2,0.7697936051429538
50-64,Stanislaus County,2022.3,0.7726801725596346
50-64,Stanislaus County,2022.4,0.7734203180510912
50-64,Stanislaus County,2023.1,0.7737269497546946
50-64,Stanislaus County,2023.2,0.7737903907968194
50-64,Stanislaus County,2023.3,0.7737903907968194
50-64,Statewide County,2022.1,0.8310174844503827
50-64,Statewide County,2022.2,0.8381482687208668
50-64,Statewide County,2022.3,0.8414931294643133
50-64,Statewide County,2022.4,0.8421777461476343
50-64,Statewide County,2023.1,0.8426087113400258
50-64,Statewide County,2023.2,0.8426672773689824
50-64,Statewide County,2023.3,0.8426705085981663
50-64,Sutter County,2022.1,0.753173564068993
50-64,Sutter County,2022.2,0.7577844822678886
50-64,Sutter County,2022.3,0.7595491546649968
50-64,Sutter County,2022.4,0.7602891785734616
50-64,Sutter County,2023.1,0.7608015028177834
50-64,Sutter County,2023.2,0.7608584277338191
50-64,Sutter County,2023.3,0.7608584277338191
50-64,Tehama County,2022.1,0.5919569241124012
50-64,Tehama County,2022.2,0.596836614504459
50-64,Tehama County,2022.3,0.6003701834090527
50-64,Tehama County,2022.4,0.6009591115598183
50-64,Tehama County,2023.1,0.6015480397105839
50-64,Tehama County,2023.2,0.6018845700824499
50-64,Tehama County,2023.3,0.6019687026754165
50-64,Trinity County,2022.1,0.5692541856925418
50-64,Trinity County,2022.2,0.571917808219178
50-64,Trinity County,2022.3,0.5742009132420092
50-64,Trinity County,2022.4,0.5745814307458144
50-64,Trinity County,2023.1,0.5745814307458144
50-64,Trinity County,2023.2,0.5745814307458144
50-64,Trinity County,2023.3,0.5745814307458144
50-64,Tulare County,2022.1,0.7354674159142366
50-64,Tulare County,2022.2,0.7416868981696173
50-64,Tulare County,2022.3,0.7447557216508907
50-64,Tulare County,2022.4,0.7456695490875365
50-64,Tulare County,2023.1,0.7462423961373742
50-64,Tulare County,2023.2,0.7463105922147358
50-64,Tulare County,2023.3,0.7463242314302081
50-64,Tuolumne County,2022.1,0.6670276656493059
50-64,Tuolumne County,2022.2,0.6722457418529093
50-64,Tuolumne County,2022.3,0.6751009156246923
50-64,Tuolumne County,2022.4,0.6756916412326475
50-64,Tuolumne County,2023.1,0.67618391257261
50-64,Tuolumne County,2023.2,0.67618391257261
50-64,Tuolumne County,2023.3,0.67618391257261
50-64,Ventura County,2022.1,0.8326205391208674
50-64,Ventura County,2022.2,0.8388020324986838
50-64,Ventura County,2022.3,0.8415349032551922
50-64,Ventura County,2022.4,0.8419726358006069
50-64,Ventura County,2023.1,0.8421678408546432
50-64,Ventura County,2023.2,0.842197417377982
50-64,Ventura County,2023.3,0.842197417377982
50-64,Yolo County,2022.1,0.9114041382609736
50-64,Yolo County,2022.2,0.9177430929314675
50-64,Yolo County,2022.3,0.9202846549455806
50-64,Yolo County,2022.4,0.9209424709962923
50-64,Yolo County,2023.1,0.9213311804808038
50-64,Yolo County,2023.2,0.9213610812103815
50-64,Yolo County,2023.3,0.9213610812103815
50-64,Yuba County,2022.1,0.6625326858423608
50-64,Yuba County,2022.2,0.6683601045946955
50-64,Yuba County,2022.3,0.6704519985057901
50-64,Yuba County,2022.4,0.6711991034740381
50-64,Yuba County,2023.1,0.6714979454613373
50-64,Yuba County,2023.2,0.6714979454613373
50-64,Yuba County,2023.3,0.6714979454613373
65+,Alameda County,2022.1,0.912191617487202
65+,Alameda County,2022.2,0.9209856204135213
65+,Alameda County,2022.3,0.9238780875864637
65+,Alameda County,2022.4,0.924434765273844
65+,Alameda County,2023.1,0.924788330832045
65+,Alameda County,2023.2,0.9248372281964772
65+,Alameda County,2023.3,0.9248409895322027
65+,Alpine County,2022.1,0.6207951070336392
65+,Alpine County,2022.2,0.6238532110091743
65+,Alpine County,2022.3,0.6330275229357798
65+,Alpine County,2022.4,0.6330275229357798
65+,Alpine County,2023.1,0.6330275229357798
65+,Alpine County,2023.2,0.6330275229357798
65+,Alpine County,2023.3,0.6330275229357798
65+,Amador County,2022.1,0.8328693309384823
65+,Amador County,2022.2,0.8400538841490794
65+,Amador County,2022.3,0.8417602155365963
65+,Amador County,2022.4,0.8423888639425235
65+,Amador County,2023.1,0.8423888639425235
65+,Amador County,2023.2,0.8423888639425235
65+,Amador County,2023.3,0.8423888639425235
65+,Butte County,2022.1,0.7572311896435933
65+,Butte County,2022.2,0.7628355063569625
65+,Butte County,2022.3,0.7651050230425419
65+,Butte County,2022.4,0.7652671313772261
65+,Butte County,2023.1,0.7654060813783841
65+,Butte County,2023.2,0.7654292397119103
65+,Butte County,2023.3,0.7654292397119103
65+,Calaveras County,2022.1,0.7286467988022245
65+,Calaveras County,2022.2,0.7361328960501925
65+,Calaveras County,2022.3,0.7385569656352489
65+,Calaveras County,2022.4,0.7386282617995152
65+,Calaveras County,2023.1,0.7386282617995152
65+,Calaveras County,2023.2,0.7386282617995152
65+,Calaveras County,2023.3,0.7386282617995152
65+,Colusa County,2022.1,0.7677881963596249
65+,Colusa County,2022.2,0.7722007722007722
65+,Colusa County,2022.3,0.7730281301709873
65+,Colusa County,2022.4,0.7738554881412024
65+,Colusa County,2023.1,0.7741312741312741
65+,Colusa County,2023.2,0.7744070601213459
65+,Colusa County,2023.3,0.7744070601213459
65+,Contra Costa County,2022.1,0.9442858790290031
65+,Contra Costa County,2022.2,0.9514453477868112
65+,Contra Costa County,2022.3,0.9535451382882623
65+,Contra Costa County,2022.4,0.9540016144842299
65+,Contra Costa County,2023.1,0.954217840050741
65+,Contra Costa County,2023.2,0.9542418651136866
65+,Contra Costa County,2023.3,0.9542418651136866
65+,Del Norte County,2022.1,0.8196911196911197
65+,Del Norte County,2022.2,0.8306949806949807
65+,Del Norte County,2022.3,0.8326254826254826
65+,Del Norte County,2022.4,0.8332046332046332
65+,Del Norte County,2023.1,0.8337837837837838
65+,Del Norte County,2023.2,0.8337837837837838
65+,Del Norte County,2023.3,0.8337837837837838
65+,El Dorado County,2022.1,0.8479594862787143
65+,El Dorado County,2022.2,0.8564226566598991
65+,El Dorado County,2022.3,0.8586353993202089
65+,El Dorado County,2022.4,0.8588178935602345
65+,El Dorado County,2023.1,0.8589547642402536
65+,El Dorado County,2023.2,0.8589775760202568
65+,El Dorado County,2023.3,0.8589775760202568
65+,Fresno County,2022.1,0.8554354012521344
65+,Fresno County,2022.2,0.8631078653844733
65+,Fresno County,2022.3,0.865931450450517
65+,Fresno County,2022.4,0.866426686574666
65+,Fresno County,2023.1,0.8666706088447693
65+,Fresno County,2023.2,0.8667149583484245
65+,Fresno County,2023.3,0.8667149583484245
65+,Glenn County,2022.1,0.8229694146242658
65+,Glenn County,2022.2,0.8280332185537777
65+,Glenn County,2022.3,0.8304638444399433
65+,Glenn County,2022.4,0.8304638444399433
65+,Glenn County,2023.1,0.8306663965971237
65+,Glenn County,2023.2,0.8306663965971237
65+,Glenn County,2023.3,0.8306663965971237
65+,Humboldt County,2022.1,0.9063222821896685
65+,Humboldt County,2022.2,0.9144564379336931
65+,Humboldt County,2022.3,0.9170007710100231
65+,Humboldt County,2022.4,0.9178488820354664
65+,Humboldt County,2023.1,0.9180030840400926
65+,Humboldt County,2023.2,0.9180801850424055
65+,Humboldt County,2023.3,0.918118735543562
65+,Imperial County,2022.1,0.9531798819221284
65+,Imperial County,2022.2,0.9945445034003437
65+,Imperial County,2022.3,1.0150212988565877
65+,Imperial County,2022.4,1.0161422913085718
65+,Imperial County,2023.1,1.0171885509304237
65+,Imperial County,2023.2,1.017300650175622
65+,Imperial County,2023.3,1.017300650175622
65+,Inyo County,2022.1,0.8158403090792016
65+,Inyo County,2022.2,0.8246404807898691
65+,Inyo County,2022.3,0.8265722257995278
65+,Inyo County,2022.4,0.8267868641339343
65+,Inyo County,2023.1,0.8267868641339343
65+,Inyo County,2023.2,0.8267868641339343
65+,Inyo County,2023.3,0.8267868641339343
65+,Kern County,2022.1,0.8159006964479318
65+,Kern County,2022.2,0.8226538525147467
65+,Kern County,2022.3,0.8253091751042835
65+,Kern County,2022.4,0.8257777614436135
65+,Kern County,2023.1,0.825979896727246
65+,Kern County,2023.2,0.8259982726621217
65+,Kern County,2023.3,0.8259982726621217
65+,Kings County,2022.1,0.746902235133693
65+,Kings County,2022.2,0.7561510642082172
65+,Kings County,2022.3,0.7598268808916819
65+,Kings County,2022.4,0.7605976166478924
65+,Kings County,2023.1,0.76077547874547935
65+,Kings County,2023.2,0.76077547874547935
65+,Kings County,2023.3,0.76077547874547935
65+,Lake County,2022.1,0.754333730316263
65+,Lake County,2022.2,0.7612809315866085
65+,Lake County,2022.3,0.7633320100569009
65+,Lake County,2022.4,0.7635966653433902
65+,Lake County,2023.1,0.7637289929866349
65+,Lake County,2023.2,0.7637289929866349
65+,Lake County,2023.3,0.7637289929866349
65+,Lassen County,2022.1,0.5668765502766647
65+,Lassen County,2022.2,0.5752718946765885
65+,Lassen County,2022.3,0.5788971570311009
65+,Lassen County,2022.4,0.5790879603129174
65+,Lassen County,2023.1,0.5792787635947338
65+,Lassen County,2023.2,0.5792787635947338
65+,Lassen County,2023.3,0.5792787635947338
65+,Los Angeles County,2022.1,0.8193874745764361
65+,Los Angeles County,2022.2,0.8286755904592299
65+,Los Angeles County,2022.3,0.8317124290816377
65+,Los Angeles County,2022.4,0.8321862318629025
65+,Los Angeles County,2023.1,0.8324927743555309
65+,Los Angeles County,2023.2,0.8325292675094152
65+,Los Angeles County,2023.3,0.8325335250440351
65+,Madera County,2022.1,0.7715976811124174
65+,Madera County,2022.2,0.7782462399156768
65+,Madera County,2022.3,0.7804759395143309
65+,Madera County,2022.4,0.7810434994121701
65+,Madera County,2023.1,0.7811245793975757
65+,Madera County,2023.2,0.7811245793975757
65+,Madera County,2023.3,0.7811245793975757
65+,Marin County,2022.1,0.9272188888023065
65+,Marin County,2022.2,0.9365697810332736
65+,Marin County,2022.3,0.9382373568144627
65+,Marin County,2022.4,0.938439959479467
65+,Marin County,2023.1,0.9385334684017766
65+,Marin County,2023.2,0.9385490532221616
65+,Marin County,2023.3,0.9385490532221616
65+,Mariposa County,2022.1,0.6249307479224376
65+,Mariposa County,2022.2,0.6391505078485687
65+,Mariposa County,2022.3,0.6426592797783933
65+,Mariposa County,2022.4,0.6426592797783933
65+,Mariposa County,2023.1,0.6426592797783933
65+,Mariposa County,2023.2,0.6426592797783933
65+,Mariposa County,2023.3,0.6426592797783933
65+,Mendocino County,2022.1,0.8982653310530173
65+,Mendocino County,2022.2,0.9085756169069142
65+,Mendocino County,2022.3,0.911800635230882
65+,Mendocino County,2022.4,0.9122404104568776
65+,Mendocino County,2023.1,0.9124358661128756
65+,Mendocino County,2023.2,0.9126801856828732
65+,Mendocino County,2023.3,0.9126801856828732
65+,Merced County,2022.1,0.8351798903979033
65+,Merced County,2022.2,0.8438765785084584
65+,Merced County,2022.3,0.8468251131760781
65+,Merced County,2022.4,0.8472420776745294
65+,Merced County,2023.1,0.8473909935668335
65+,Merced County,2023.2,0.8474505599237551
65+,Merced County,2023.3,0.8474505599237551
65+,Modoc County,2022.1,0.5874204417821041
65+,Modoc County,2022.2,0.5907899663047548
65+,Modoc County,2022.3,0.593036315986522
65+,Modoc County,2022.4,0.5937850992137776
65+,Modoc County,2023.1,0.5937850992137776
65+,Modoc County,2023.2,0.5937850992137776
65+,Modoc County,2023.3,0.5937850992137776
65+,Mono County,2022.1,0.6450351837372947
65+,Mono County,2022.2,0.6512900703674745
65+,Mono County,2022.3,0.6516810007818609
65+,Mono County,2022.4,0.6516810007818609
65+,Mono County,2023.1,0.6520719311962471
65+,Mono County,2023.2,0.6520719311962471
65+,Mono County,2023.3,0.6520719311962471
65+,Monterey County,2022.1,0.846051503414836
65+,Monterey County,2022.2,0.8599917216095556
65+,Monterey County,2022.3,0.8631995979067498
65+,Monterey County,2022.4,0.8634213405079384
65+,Monterey County,2023.1,0.8634952547083345
65+,Monterey County,2023.2,0.863524820388493
65+,Monterey County,2023.3,0.863524820388493
65+,Napa County,2022.1,0.9395834789293451
65+,Napa County,2022.2,0.9498567335243553
65+,Napa County,2022.3,0.9525822908658886
65+,Napa County,2022.4,0.9528967782514501
65+,Napa County,2023.1,0.9531064365084911
65+,Napa County,2023.2,0.9531064365084911
65+,Napa County,2023.3,0.9531064365084911
65+,Nevada County,2022.1,0.8082572585627016
65+,Nevada County,2022.2,0.8202004255611229
65+,Nevada County,2022.3,0.8226027867389663
65+,Nevada County,2022.4,0.8227400645205574
65+,Nevada County,2023.1,0.8228773423021484
65+,Nevada County,2023.2,0.8229116617475462
65+,Nevada County,2023.3,0.8229116617475462
65+,Orange County,2022.1,0.898148444245467
65+,Orange County,2022.2,0.9085376979610877
65+,Orange County,2022.3,0.911586942986078
65+,Orange County,2022.4,0.9120214745103056
65+,Orange County,2023.1,0.9122791836826829
65+,Orange County,2023.2,0.9123149243708228
65+,Orange County,2023.3,0.9123149243708228
65+,Placer County,2022.1,0.8897238994079372
65+,Placer County,2022.2,0.898188639427868
65+,Placer County,2022.3,0.9003927545577115
65+,Placer County,2022.4,0.9005920628407292
65+,Placer County,2023.1,0.9007561990738027
65+,Placer County,2023.2,0.900791371123747
65+,Placer County,2023.3,0.900791371123747
65+,Plumas County,2022.1,0.7076326002587322
65+,Plumas County,2022.2,0.7153945666235446
65+,Plumas County,2022.3,0.717496765847348
65+,Plumas County,2022.4,0.7178201811125485
65+,Plumas County,2023.1,0.7178201811125485
65+,Plumas County,2023.2,0.7178201811125485
65+,Plumas County,2023.3,0.7178201811125485
65+,Riverside County,2022.1,0.8167262521132048
65+,Riverside County,2022.2,0.8264589616259647
65+,Riverside County,2022.3,0.8291875467676469
65+,Riverside County,2022.4,0.8296183760005442
65+,Riverside County,2023.1,0.8298451282283849
65+,Riverside County,2023.2,0.8298728423895654
65+,Riverside County,2023.3,0.8298804007971601
65+,Sacramento County,2022.1,0.9177448106565014
65+,Sacramento County,2022.2,0.9271130700407149
65+,Sacramento County,2022.3,0.9300188471340018
65+,Sacramento County,2022.4,0.9306059587575357
65+,Sacramento County,2023.1,0.9309463133219031
65+,Sacramento County,2023.2,0.9309846032103944
65+,Sacramento County,2023.3,0.930988857642449
65+,San Benito County,2022.1,0.8492896174863388
65+,San Benito County,2022.2,0.8636065573770492
65+,San Benito County,2022.3,0.8663387978142076
65+,San Benito County,2022.4,0.8668852459016393
65+,San Benito County,2023.1,0.867103825136612
65+,San Benito County,2023.2,0.8672131147540983
65+,San Benito County,2023.3,0.8672131147540983
65+,San Bernardino County,2022.1,0.8206419332517166
65+,San Bernardino County,2022.2,0.8289171590284061
65+,San Bernardino County,2022.3,0.832032788630436
65+,San Bernardino County,2022.4,0.8325970085697557
65+,San Bernardino County,2023.1,0.8328737957097994
65+,San Bernardino County,2023.2,0.8329092812405742
65+,San Bernardino County,2023.3,0.8329092812405742
65+,San Diego County,2022.1,0.907778867246297
65+,San Diego County,2022.2,0.9181571402257619
65+,San Diego County,2022.3,0.9219322416734732
65+,San Diego County,2022.4,0.9223564521860795
65+,San Diego County,2023.1,0.9226001871735858
65+,San Diego County,2023.2,0.9226318169047889
65+,San Diego County,2023.3,0.9226336774772126
65+,San Francisco County,2022.1,0.873372707102903
65+,San Francisco County,2022.2,0.8822786787912877
65+,San Francisco County,2022.3,0.8845411080903722
65+,San Francisco County,2022.4,0.8850160932470861
65+,San Francisco County,2023.1,0.8853285834817662
65+,San Francisco County,2023.2,0.8853660823099279
65+,San Francisco County,2023.3,0.8853660823099279
65+,San Joaquin County,2022.1,0.9041308916807254
65+,San Joaquin County,2022.2,0.9127074635024457
65+,San Joaquin County,2022.3,0.9162794642941293
65+,San Joaquin County,2022.4,0.9169580501965071
65+,San Joaquin County,2023.1,0.9172313695182983
65+,San Joaquin County,2023.2,0.9172690687350971
65+,San Joaquin County,2023.3,0.9172784935392967
65+,San Luis Obispo County,2022.1,0.8603590504905186
65+,San Luis Obispo County,2022.2,0.8685318110163914
65+,San Luis Obispo County,2022.3,0.870429605595433
65+,San Luis Obispo County,2022.4,0.8707203967002862
65+,San Luis Obispo County,2023.1,0.8708275302652321
65+,San Luis Obispo County,2023.2,0.8708428350602244
65+,San Luis Obispo County,2023.3,0.8708428350602244
65+,San Mateo County,2022.1,0.8882126709307455
65+,San Mateo County,2022.2,0.8966144684605205
65+,San Mateo County,2022.3,0.8988475959417732
65+,San Mateo County,2022.4,0.8994058778120865
65+,San Mateo County,2023.1,0.8996746801940891
65+,San Mateo County,2023.2,0.8997229267754742
65+,San Mateo County,2023.3,0.8997298191442435
65+,Santa Barbara County,2022.1,0.9475317968299316
65+,Santa Barbara County,2022.2,0.9585199022058621
65+,Santa Barbara County,2022.3,0.9616652473697223
65+,Santa Barbara County,2022.4,0.9619536851358405
65+,Santa Barbara County,2023.1,0.9621459769799192
65+,Santa Barbara County,2023.2,0.9621459769799192
65+,Santa Barbara County,2023.3,0.9621459769799192
65+,Santa Clara County,2022.1,0.883336575224089
65+,Santa Clara County,2022.2,0.892006772894392
65+,Santa Clara County,2022.3,0.8947044511691533
65+,Santa Clara County,2022.4,0.895230594095082
65+,Santa Clara County,2023.1,0.8955175811455885
65+,Santa Clara County,2023.2,0.8955558460856561
65+,Santa Clara County,2023.3,0.8955590348306617
65+,Santa Cruz County,2022.1,0.9178739270594632
65+,Santa Cruz County,2022.2,0.9275837961704276
65+,Santa Cruz County,2022.3,0.9300306831863906
65+,Santa Cruz County,2022.4,0.9304579174272731
65+,Santa Cruz County,2023.1,0.9307297937623801
65+,Santa Cruz County,2023.2,0.930768633238824
65+,Santa Cruz County,2023.3,0.930768633238824
65+,Shasta County,2022.1,0.7806102020660385
65+,Shasta County,2022.2,0.789792595360756
65+,Shasta County,2022.3,0.7918212636467982
65+,Shasta County,2022.4,0.7920615006806716
65+,Shasta County,2023.1,0.7922483517070176
65+,Shasta County,2023.2,0.792301737714545
65+,Shasta County,2023.3,0.792301737714545
65+,Sierra County,2022.1,0.6174242424242424
65+,Sierra County,2022.2,0.6221590909090909
65+,Sierra County,2022.3,0.6221590909090909
65+,Sierra County,2022.4,0.6231060606060606
65+,Sierra County,2023.1,0.6231060606060606
65+,Sierra County,2023.2,0.6231060606060606
65+,Sierra County,2023.3,0.6231060606060606
65+,Siskiyou County,2022.1,0.7133683596030356
65+,Siskiyou County,2022.2,0.723292469352014
65+,Siskiyou County,2022.3,0.725710949879076
65+,Siskiyou County,2022.4,0.7259611375198065
65+,Siskiyou County,2023.1,0.7259611375198065
65+,Siskiyou County,2023.2,0.7259611375198065
65+,Siskiyou County,2023.3,0.7259611375198065
65+,Solano County,2022.1,0.8859670305926614
65+,Solano County,2022.2,0.895956989793973
65+,Solano County,2022.3,0.8990963281180493
65+,Solano County,2022.4,0.8994394946554989
65+,Solano County,2023.1,0.8996174328601024
65+,Solano County,2023.2,0.8996428526036172
65+,Solano County,2023.3,0.8996428526036172
65+,Sonoma County,2022.1,0.9133768866861905
65+,Sonoma County,2022.2,0.9255237666141023
65+,Sonoma County,2022.3,0.9281369677855373
65+,Sonoma County,2022.4,0.9284433430952918
65+,Sonoma County,2023.1,0.9285875197116468
65+,Sonoma County,2023.2,0.9286055417886911
65+,Sonoma County,2023.3,0.9286055417886911
65+,Stanislaus County,2022.1,0.8769887315953688
65+,Stanislaus County,2022.2,0.8842732265800263
65+,Stanislaus County,2022.3,0.8871483458394575
65+,Stanislaus County,2022.4,0.8875867048296846
65+,Stanislaus County,2023.1,0.8877414197674118
65+,Stanislaus County,2023.2,0.8877672055903664
65+,Stanislaus County,2023.3,0.8877672055903664
65+,Statewide County,2022.1,0.8713012412196686
65+,Statewide County,2022.2,0.8810891263584697
65+,Statewide County,2022.3,0.8841389309791545
65+,Statewide County,2022.4,0.884600100604787
65+,Statewide County,2023.1,0.8848611108751551
65+,Statewide County,2023.2,0.8848972507587445
65+,Statewide County,2023.3,0.8849000307497898
65+,Sutter County,2022.1,0.8620184654568609
65+,Sutter County,2022.2,0.8670487106017192
65+,Sutter County,2022.3,0.8694046482012098
65+,Sutter County,2022.4,0.8699140401146132
65+,Sutter County,2023.1,0.8699777141037887
65+,Sutter County,2023.2,0.870041388092964
65+,Sutter County,2023.3,0.870041388092964
65+,Tehama County,2022.1,0.7164543023438729
65+,Tehama County,2022.2,0.7225892716690263
65+,Tehama County,2022.3,0.7257354097844896
65+,Tehama County,2022.4,0.7259713701431493
65+,Tehama County,2023.1,0.7262859839546956
65+,Tehama County,2023.2,0.7264432908604688
65+,Tehama County,2023.3,0.7264432908604688
65+,Trinity County,2022.1,0.5595153243050606
65+,Trinity County,2022.2,0.5664053219291993
65+,Trinity County,2022.3,0.5683060109289617
65+,Trinity County,2022.4,0.5683060109289617
65+,Trinity County,2023.1,0.5683060109289617
65+,Trinity County,2023.2,0.5683060109289617
65+,Trinity County,2023.3,0.5683060109289617
65+,Tulare County,2022.1,0.7807100690113911
65+,Tulare County,2022.2,0.789257503949447
65+,Tulare County,2022.3,0.7928327928826806
65+,Tulare County,2022.4,0.7933150411573958
65+,Tulare County,2023.1,0.7937141431778498
65+,Tulare County,2023.2,0.7937474016795544
65+,Tulare County,2023.3,0.7937474016795544
65+,Tuolumne County,2022.1,0.7885558944437078
65+,Tuolumne County,2022.2,0.7964460946824029
65+,Tuolumne County,2022.3,0.7994960880519825
65+,Tuolumne County,2022.4,0.7994960880519825
65+,Tuolumne County,2023.1,0.7996286964593555
65+,Tuolumne County,2023.2,0.7996286964593555
65+,Tuolumne County,2023.3,0.7996286964593555
65+,Ventura County,2022.1,0.9204501750905816
65+,Ventura County,2022.2,0.9298760534110614
65+,Ventura County,2022.3,0.9323185501555237
65+,Ventura County,2022.4,0.9326356698985891
65+,Ventura County,2023.1,0.9327436255558029
65+,Ventura County,2023.2,0.9327773616986823
65+,Ventura County,2023.3,0.9327773616986823
65+,Yolo County,2022.1,0.9665785436861516
65+,Yolo County,2022.2,0.9744116975097098
65+,Yolo County,2022.3,0.9768595580795718
65+,Yolo County,2022.4,0.9771206632070237
65+,Yolo County,2023.1,0.9773817683344757
65+,Yolo County,2023.2,0.9774144064754071
65+,Yolo County,2023.3,0.9774144064754071
65+,Yuba County,2022.1,0.7945791726105563
65+,Yuba County,2022.2,0.8011412268188303
65+,Yuba County,2022.3,0.8032334759866857
65+,Yuba County,2022.4,0.8038040893961008
65+,Yuba County,2023.1,0.8039942938659058
65+,Yuba County,2023.2,0.8042796005706134
65+,Yuba County,2023.3,0.8042796005706134
