"age_category","county","quarter","sum_dx_new","sum_severe_new","dx_new_rate","severe_new_rate"
"0-17","Alameda County",2022.4,21293,16,0.00493189317945092,0.000751420654675245
"0-17","Alameda County",2023.1,110350,98,0.0355460350950659,0.00088808337109198
"0-17","Alameda County",2023.2,14348,26,0.00670865733807322,0.00181209924728185
"0-17","Alpine County",2022.4,14,0,0.00699300699300699,0
"0-17","Alpine County",2023.1,59,0,0.0447987851176917,0
"0-17","Alpine County",2023.2,5,0,0.00557413600891862,0
"0-17","Amador County",2022.4,362,0,0.00502310350090888,0
"0-17","Amador County",2023.1,1814,2,0.0350024119633382,0.00110253583241455
"0-17","Amador County",2023.2,239,0,0.0066494171326823,0
"0-17","Butte County",2022.4,2881,2,0.00489590467175687,0.000694203401596668
"0-17","Butte County",2023.1,14921,12,0.0351917847312797,0.000804235641042826
"0-17","Butte County",2023.2,1989,8,0.00680279088856967,0.00402212166918049
"0-17","Calaveras County",2022.4,454,0,0.00505545410004009,0
"0-17","Calaveras County",2023.1,2327,6,0.0361071888528558,0.00257842715943275
"0-17","Calaveras County",2023.2,301,1,0.00684355319100562,0.00332225913621262
"0-17","Colusa County",2022.4,376,0,0.00504217457188451,0
"0-17","Colusa County",2023.1,1912,1,0.0359357967146562,0.000523012552301255
"0-17","Colusa County",2023.2,255,1,0.0069417977895138,0.00392156862745098
"0-17","Contra Costa County",2022.4,14807,8,0.00486455178413441,0.000540285000337678
"0-17","Contra Costa County",2023.1,78471,68,0.0359055476956134,0.000866562169463878
"0-17","Contra Costa County",2023.2,10182,25,0.00678113748886127,0.00245531329797682
"0-17","Del Norte County",2022.4,321,1,0.00463283685486664,0.00311526479750779
"0-17","Del Norte County",2023.1,1808,3,0.0363285645394631,0.00165929203539823
"0-17","Del Norte County",2023.2,231,0,0.00676645478777937,0
"0-17","El Dorado County",2022.4,2146,2,0.00480761691402968,0.000931966449207828
"0-17","El Dorado County",2023.1,11463,15,0.0357181806567808,0.00130855796911803
"0-17","El Dorado County",2023.2,1468,1,0.0066512317011839,0.000681198910081744
"0-17","Fresno County",2022.4,17539,10,0.00491849389037191,0.000570157933747648
"0-17","Fresno County",2023.1,91616,82,0.0357819510021297,0.000895040167656305
"0-17","Fresno County",2023.2,11919,26,0.00676861710434483,0.00218139105629667
"0-17","Glenn County",2022.4,445,0,0.00482207099822288,0
"0-17","Glenn County",2023.1,2301,1,0.0346426581954502,0.000434593654932638
"0-17","Glenn County",2023.2,317,1,0.00683764370915209,0.00315457413249211
"0-17","Humboldt County",2022.4,1702,3,0.00487584081038652,0.00176263219741481
"0-17","Humboldt County",2023.1,8975,9,0.0357232414015452,0.00100278551532033
"0-17","Humboldt County",2023.2,1160,6,0.00671984613869531,0.00517241379310345
"0-17","Imperial County",2022.4,3405,0,0.00499222942263144,0
"0-17","Imperial County",2023.1,17320,17,0.0352503241116694,0.000981524249422633
"0-17","Imperial County",2023.2,2314,1,0.00683438576179478,0.000432152117545376
"0-17","Inyo County",2022.4,210,0,0.00448612505607656,0
"0-17","Inyo County",2023.1,1208,1,0.0358191252779837,0.000827814569536424
"0-17","Inyo County",2023.2,155,1,0.00668218658389378,0.00645161290322581
"0-17","Kern County",2022.4,15956,11,0.00495971706362121,0.000689395838556029
"0-17","Kern County",2023.1,82347,92,0.0356536701021286,0.0011172234568351
"0-17","Kern County",2023.2,10656,29,0.00669567118825543,0.00272147147147147
"0-17","Kings County",2022.4,2954,2,0.00488790417457462,0.000677048070412999
"0-17","Kings County",2023.1,15484,21,0.0355866488013293,0.00135623869801085
"0-17","Kings County",2023.2,1945,1,0.00648614399573148,0.00051413881748072
"0-17","Lake County",2022.4,841,1,0.00483934079086682,0.00118906064209275
"0-17","Lake County",2023.1,4485,5,0.0359340448033843,0.00111482720178372
"0-17","Lake County",2023.2,554,0,0.00643998837547225,0
"0-17","Lassen County",2022.4,315,0,0.00467331315648923,0
"0-17","Lassen County",2023.1,1743,0,0.0359804306091695,0
"0-17","Lassen County",2023.2,227,0,0.00684064609450338,0
"0-17","Madera County",2022.4,2538,0,0.00491281590683845,0
"0-17","Madera County",2023.1,13282,10,0.0358797453137789,0.000752898659840385
"0-17","Madera County",2023.2,1746,3,0.00684783759721694,0.00171821305841924
"0-17","Marin County",2022.4,2843,1,0.00488155825246052,0.000351741118536757
"0-17","Marin County",2023.1,14948,10,0.0356985066713793,0.000668985817500669
"0-17","Marin County",2023.2,1897,3,0.00656635409851954,0.00158144438587243
"0-17","Mariposa County",2022.4,185,0,0.0053381809787627,0
"0-17","Mariposa County",2023.1,866,0,0.0348687389273635,0
"0-17","Mariposa County",2023.2,128,0,0.00746747564319468,0
"0-17","Mendocino County",2022.4,1148,0,0.00490273536759839,0
"0-17","Mendocino County",2023.1,6071,5,0.0360425077178817,0.000823587547356284
"0-17","Mendocino County",2023.2,752,3,0.0065173116089613,0.00398936170212766
"0-17","Merced County",2022.4,5021,4,0.00495620260711458,0.000796654052977495
"0-17","Merced County",2023.1,26236,24,0.0361660860922679,0.0009147735935356
"0-17","Merced County",2023.2,3353,5,0.00673450040571699,0.00149120190873844
"0-17","Modoc County",2022.4,102,0,0.00465732158348934,0
"0-17","Modoc County",2023.1,576,0,0.0368805224740684,0
"0-17","Modoc County",2023.2,67,0,0.00622560862293254,0
"0-17","Mono County",2022.4,166,0,0.00488378934980877,0
"0-17","Mono County",2023.1,897,1,0.0366316821170417,0.00111482720178372
"0-17","Mono County",2023.2,113,0,0.00683688286544046,0
"0-17","Monterey County",2022.4,6905,9,0.00482626831954999,0.00130340333091962
"0-17","Monterey County",2023.1,36702,47,0.0356611231378524,0.00128058416435072
"0-17","Monterey County",2023.2,4733,9,0.00667921695248202,0.00190154236213818
"0-17","Napa County",2022.4,1687,2,0.00500583073942084,0.001185536455246
"0-17","Napa County",2023.1,8627,15,0.0356636447442941,0.00173872725165179
"0-17","Napa County",2023.2,1058,3,0.00632631339767278,0.00283553875236295
"0-17","Nevada County",2022.4,926,1,0.0048039012243204,0.00107991360691145
"0-17","Nevada County",2023.1,4836,6,0.0348146601683141,0.00124069478908189
"0-17","Nevada County",2023.2,674,1,0.00698764203367338,0.00148367952522255
"0-17","Orange County",2022.4,43984,20,0.00493939349359785,0.000454710803928701
"0-17","Orange County",2023.1,227856,202,0.0356095328827443,0.000886524822695035
"0-17","Orange County",2023.2,29396,59,0.00666604230156698,0.00200707579262485
"0-17","Placer County",2022.4,4482,2,0.00486548275424101,0.000446229361892012
"0-17","Placer County",2023.1,23673,19,0.0358017857791006,0.000802602120559287
"0-17","Placer County",2023.2,3004,7,0.00658884633775076,0.00233022636484687
"0-17","Plumas County",2022.4,215,0,0.00543203638201112,0
"0-17","Plumas County",2023.1,970,1,0.0339196419204812,0.00103092783505155
"0-17","Plumas County",2023.2,124,0,0.00620217075976592,0
"0-17","Riverside County",2022.4,36671,15,0.00489266777610365,0.000409042567696545
"0-17","Riverside County",2023.1,192559,162,0.035752228491644,0.000841300588391091
"0-17","Riverside County",2023.2,24788,64,0.00668873759387317,0.00258189446506374
"0-17","Sacramento County",2022.4,22265,11,0.00485957752559436,0.000494048955760162
"0-17","Sacramento County",2023.1,117220,126,0.0355663814256227,0.00107490189387477
"0-17","Sacramento County",2023.2,15237,31,0.00670895077152714,0.00203452123121349
"0-17","San Benito County",2022.4,837,0,0.00488288656185281,0
"0-17","San Benito County",2023.1,4454,3,0.0363487983025258,0.000673551863493489
"0-17","San Benito County",2023.2,549,0,0.00650952121226493,0
"0-17","San Bernardino County",2022.4,35766,18,0.00491301466733921,0.000503271263210871
"0-17","San Bernardino County",2023.1,185925,178,0.0355235765348936,0.000957375285733495
"0-17","San Bernardino County",2023.2,24134,60,0.00668700420327562,0.00248611916797879
"0-17","San Diego County",2022.4,49608,22,0.00490535962551246,0.000443476858571198
"0-17","San Diego County",2023.1,259569,286,0.0357520894261586,0.00110182648929572
"0-17","San Diego County",2023.2,33437,78,0.00668466062607543,0.00233274516254449
"0-17","San Francisco County",2022.4,8580,7,0.00490431442485767,0.000815850815850816
"0-17","San Francisco County",2023.1,45087,41,0.0359085001051284,0.000909353028589172
"0-17","San Francisco County",2023.2,5867,16,0.0068017352714086,0.00272711777739901
"0-17","San Joaquin County",2022.4,12423,6,0.00493340714448533,0.000482975126780971
"0-17","San Joaquin County",2023.1,64172,61,0.0354502656615464,0.000950570342205323
"0-17","San Joaquin County",2023.2,8330,19,0.00666702949820398,0.00228091236494598
"0-17","San Luis Obispo County",2022.4,2972,1,0.00475660795595496,0.000336473755047106
"0-17","San Luis Obispo County",2023.1,16020,18,0.035652369369229,0.00112359550561798
"0-17","San Luis Obispo County",2023.2,2129,3,0.00688874148614324,0.00140911225927666
"0-17","San Mateo County",2022.4,9748,10,0.00491451030847274,0.00102585145670907
"0-17","San Mateo County",2023.1,50938,54,0.0357664710223335,0.00106011229337626
"0-17","San Mateo County",2023.2,6600,15,0.00673191867842237,0.00227272727272727
"0-17","Santa Barbara County",2022.4,6370,5,0.00490618934656028,0.000784929356357928
"0-17","Santa Barbara County",2023.1,33408,41,0.0358198969405982,0.00122725095785441
"0-17","Santa Barbara County",2023.2,4331,12,0.0067573154844095,0.00277072269683676
"0-17","Santa Clara County",2022.4,26111,12,0.00486604719344564,0.000459576423729463
"0-17","Santa Clara County",2023.1,137791,134,0.0357451098248142,0.000972487317749345
"0-17","Santa Clara County",2023.2,17605,45,0.0066299711602845,0.0025560920193127
"0-17","Santa Cruz County",2022.4,3620,0,0.00494035409510318,0
"0-17","Santa Cruz County",2023.1,18651,19,0.0353704212931795,0.00101871213339767
"0-17","Santa Cruz County",2023.2,2538,7,0.00699096518289996,0.00275807722616233
"0-17","Shasta County",2022.4,2353,1,0.00487742186900816,0.000424989375265618
"0-17","Shasta County",2023.1,12336,17,0.0356333028108598,0.0013780804150454
"0-17","Shasta County",2023.2,1584,6,0.00661820005013788,0.00378787878787879
"0-17","Sierra County",2022.4,29,0,0.00524886877828054,0
"0-17","Sierra County",2023.1,127,0,0.0311045799657115,0
"0-17","Sierra County",2023.2,16,0,0.0054757015742642,0
"0-17","Siskiyou County",2022.4,508,0,0.00478225669798354,0
"0-17","Siskiyou County",2023.1,2745,3,0.036184600783011,0.00109289617486339
"0-17","Siskiyou County",2023.2,340,1,0.00646941299590905,0.00294117647058824
"0-17","Solano County",2022.4,6282,1,0.00500860280551919,0.000159184972938555
"0-17","Solano County",2023.1,32049,37,0.0355711878816669,0.00115448219913258
"0-17","Solano County",2023.2,4111,8,0.00661306720201786,0.00194599854050109
"0-17","Sonoma County",2022.4,5537,2,0.00495591411419636,0.000361206429474445
"0-17","Sonoma County",2023.1,28467,23,0.0354251780467682,0.00080795306846524
"0-17","Sonoma County",2023.2,3693,8,0.00666018622551575,0.00216626049282426
"0-17","Stanislaus County",2022.4,8984,6,0.00490450839181912,0.000667853962600178
"0-17","Stanislaus County",2023.1,47054,62,0.0357590417847451,0.0013176350575934
"0-17","Stanislaus County",2023.2,6043,10,0.00667122970093726,0.00165480721495946
"0-17","Sutter County",2022.4,1473,1,0.00483197963548569,0.000678886625933469
"0-17","Sutter County",2023.1,8053,2,0.037016947905989,0.00024835465044083
"0-17","Sutter County",2023.2,1013,0,0.00683549599519558,0
"0-17","Tehama County",2022.4,896,0,0.00479362276970816,0
"0-17","Tehama County",2023.1,4839,5,0.036015987257828,0.00103327133705311
"0-17","Tehama County",2023.2,677,1,0.00738728121862861,0.00147710487444609
"0-17","Trinity County",2022.4,148,1,0.00508573588536476,0.00675675675675676
"0-17","Trinity County",2023.1,755,1,0.0366327025715672,0.00132450331125828
"0-17","Trinity County",2023.2,100,0,0.00703680247695447,0
"0-17","Tulare County",2022.4,8655,5,0.00485933202291381,0.000577700751010976
"0-17","Tulare County",2023.1,45635,36,0.0356491687459086,0.000788868193272707
"0-17","Tulare County",2023.2,5896,15,0.00668200414791981,0.00254409769335142
"0-17","Tuolumne County",2022.4,531,2,0.00501658022277017,0.00376647834274953
"0-17","Tuolumne County",2023.1,2691,5,0.0354391371340524,0.00185804533630621
"0-17","Tuolumne County",2023.2,376,2,0.00718833043378515,0.00531914893617021
"0-17","Ventura County",2022.4,11333,5,0.00482578544097195,0.000441189446748434
"0-17","Ventura County",2023.1,60360,58,0.0357874665604189,0.000960901259111995
"0-17","Ventura County",2023.2,7821,21,0.00673783274564315,0.00268507863444572
"0-17","Yolo County",2022.4,3289,1,0.00500990862133834,0.000304043782304652
"0-17","Yolo County",2023.1,16691,22,0.0353594414009042,0.00131807560960997
"0-17","Yolo County",2023.2,2230,5,0.0068521562783266,0.00224215246636771
"0-17","Yuba County",2022.4,1252,1,0.00471460095346403,0.000798722044728434
"0-17","Yuba County",2023.1,6933,4,0.0363591548187811,0.000576950814943026
"0-17","Yuba County",2023.2,886,4,0.00679005249645553,0.00451467268623025
"18-49","Alameda County",2022.4,46961,159,0.00488870266317233,0.00338578820723579
"18-49","Alameda County",2023.1,246544,1475,0.0357244132424806,0.00598270491271335
"18-49","Alameda County",2023.2,31718,464,0.00667292345282869,0.0146289173340059
"18-49","Alpine County",2022.4,17,0,0.00356992860142797,0
"18-49","Alpine County",2023.1,137,0,0.0406528189910979,0
"18-49","Alpine County",2023.2,15,0,0.0066607460035524,0
"18-49","Amador County",2022.4,849,2,0.00504684230549743,0.00235571260306243
"18-49","Amador County",2023.1,4285,30,0.0354085410193693,0.00700116686114352
"18-49","Amador County",2023.2,550,12,0.00658935160780179,0.0218181818181818
"18-49","Butte County",2022.4,6401,28,0.00486204211845578,0.00437431651304484
"18-49","Butte County",2023.1,33748,215,0.0356684235947658,0.00637074789617163
"18-49","Butte County",2023.2,4383,65,0.00672215550678427,0.0148300250969655
"18-49","Calaveras County",2022.4,826,4,0.00484528523243877,0.00484261501210654
"18-49","Calaveras County",2023.1,4355,33,0.0354985694606337,0.00757749712973594
"18-49","Calaveras County",2023.2,567,6,0.00669919775039285,0.0105820105820106
"18-49","Colusa County",2022.4,631,0,0.00527583150783432,0
"18-49","Colusa County",2023.1,3108,20,0.0363236875321397,0.00643500643500643
"18-49","Colusa County",2023.2,360,9,0.00612786818274665,0.025
"18-49","Contra Costa County",2022.4,29278,99,0.00490232193041442,0.00338137850946103
"18-49","Contra Costa County",2023.1,152953,939,0.0356353047964482,0.00613914078180879
"18-49","Contra Costa County",2023.2,19733,295,0.00667070747090165,0.0149495768509603
"18-49","Del Norte County",2022.4,752,3,0.00520815297564219,0.00398936170212766
"18-49","Del Norte County",2023.1,3750,20,0.0364350048094206,0.00533333333333333
"18-49","Del Norte County",2023.2,460,7,0.00650728533031546,0.0152173913043478
"18-49","El Dorado County",2022.4,4472,16,0.00498748111013835,0.0035778175313059
"18-49","El Dorado County",2023.1,23132,128,0.0359534215745398,0.00553346014179492
"18-49","El Dorado County",2023.2,2843,47,0.00642169507451696,0.0165318325712276
"18-49","Fresno County",2022.4,28059,102,0.00488207778613719,0.0036351972629103
"18-49","Fresno County",2023.1,146996,919,0.0355745076305765,0.00625187079920542
"18-49","Fresno County",2023.2,19028,269,0.00667829553949664,0.0141370611730082
"18-49","Glenn County",2022.4,737,6,0.00479914566090813,0.00814111261872456
"18-49","Glenn County",2023.1,3999,19,0.0363307653172469,0.00475118779694924
"18-49","Glenn County",2023.2,504,6,0.00667028414881086,0.0119047619047619
"18-49","Humboldt County",2022.4,3540,15,0.00491165950267366,0.00423728813559322
"18-49","Humboldt County",2023.1,18574,113,0.0358869331684603,0.00608377301604393
"18-49","Humboldt County",2023.2,2437,37,0.00686743898349504,0.0151826015592942
"18-49","Imperial County",2022.4,5199,14,0.00499555118253988,0.00269282554337373
"18-49","Imperial County",2023.1,26715,163,0.0358602156311076,0.00610144113793749
"18-49","Imperial County",2023.2,3473,60,0.0067626510059273,0.0172761301468471
"18-49","Inyo County",2022.4,339,0,0.0046955510000554,0
"18-49","Inyo County",2023.1,1911,13,0.0370348837209302,0.00680272108843537
"18-49","Inyo County",2023.2,225,7,0.0063710499490316,0.0311111111111111
"18-49","Kern County",2022.4,26257,89,0.0048886622395573,0.00338957230452832
"18-49","Kern County",2023.1,137449,805,0.035577828781521,0.00585671776440716
"18-49","Kern County",2023.2,17864,264,0.00671402514903039,0.0147783251231527
"18-49","Kings County",2022.4,4558,13,0.00496122343465128,0.00285212812637122
"18-49","Kings County",2023.1,23439,153,0.0355342570006534,0.00652758223473698
"18-49","Kings County",2023.2,3020,48,0.00662360591738039,0.0158940397350993
"18-49","Lake County",2022.4,1425,7,0.00488880960059283,0.00491228070175439
"18-49","Lake County",2023.1,7471,43,0.0357153101127248,0.00575558827466203
"18-49","Lake County",2023.2,1014,19,0.00705489459403047,0.0187376725838264
"18-49","Lassen County",2022.4,801,4,0.00463056636277973,0.00499375780274657
"18-49","Lassen County",2023.1,4341,34,0.0346877621958528,0.00783229670582815
"18-49","Lassen County",2023.2,588,10,0.00677794171892291,0.0170068027210884
"18-49","Madera County",2022.4,4566,19,0.00499905296083856,0.00416119141480508
"18-49","Madera County",2023.1,23311,140,0.0354989667517935,0.00600574835914375
"18-49","Madera County",2023.2,3019,47,0.00666875778647605,0.0155680688969858
"18-49","Marin County",2022.4,5415,14,0.00485039031534255,0.0025854108956602
"18-49","Marin County",2023.1,28725,181,0.0357966228425447,0.00630113141862489
"18-49","Marin County",2023.2,3738,56,0.0067743531471383,0.0149812734082397
"18-49","Mariposa County",2022.4,324,1,0.00465483801451045,0.00308641975308642
"18-49","Mariposa County",2023.1,1787,18,0.0356572751217176,0.0100727476217124
"18-49","Mariposa County",2023.2,232,2,0.00670985654789449,0.00862068965517241
"18-49","Mendocino County",2022.4,2031,10,0.00481901982418052,0.00492368291482029
"18-49","Mendocino County",2023.1,10718,67,0.0352556511670745,0.00625116626236238
"18-49","Mendocino County",2023.2,1387,16,0.00661027046348147,0.0115356885364095
"18-49","Merced County",2022.4,8164,25,0.00493363105939514,0.00306222439980402
"18-49","Merced County",2023.1,42420,254,0.0356995281299995,0.00598774163130599
"18-49","Merced County",2023.2,5490,65,0.006709900097043,0.01183970856102
"18-49","Modoc County",2022.4,192,0,0.00469908710443232,0
"18-49","Modoc County",2023.1,1081,4,0.0372322105118137,0.00370027752081406
"18-49","Modoc County",2023.2,142,1,0.00718478040882412,0.00704225352112676
"18-49","Mono County",2022.4,362,1,0.00519428341846984,0.00276243093922652
"18-49","Mono County",2023.1,1751,13,0.034920824857405,0.00742432895488292
"18-49","Mono County",2023.2,232,4,0.00671296296296296,0.0172413793103448
"18-49","Monterey County",2022.4,11958,39,0.00488537468021182,0.00326141495233317
"18-49","Monterey County",2023.1,62630,374,0.035584883555102,0.00597157911543989
"18-49","Monterey County",2023.2,8004,100,0.00659639522330001,0.0124937531234383
"18-49","Napa County",2022.4,3564,14,0.00493836740123265,0.00392817059483726
"18-49","Napa County",2023.1,18488,105,0.0356977354876579,0.00567935958459541
"18-49","Napa County",2023.2,2319,30,0.00648528017584925,0.0129366106080207
"18-49","Nevada County",2022.4,2127,3,0.00491464643197131,0.00141043723554302
"18-49","Nevada County",2023.1,10968,65,0.0352461413380551,0.00592633114514953
"18-49","Nevada County",2023.2,1471,21,0.00683874327050926,0.0142760027192386
"18-49","Orange County",2022.4,82325,292,0.00488567433047419,0.00354691770422107
"18-49","Orange County",2023.1,432358,2698,0.0357194757385104,0.0062401990942691
"18-49","Orange County",2023.2,55823,792,0.00669634717218692,0.0141877004102252
"18-49","Placer County",2022.4,10136,38,0.00492870973420173,0.0037490134175217
"18-49","Placer County",2023.1,52640,325,0.0356578204021801,0.00617401215805471
"18-49","Placer County",2023.2,7020,100,0.00690889801108376,0.0142450142450142
"18-49","Plumas County",2022.4,354,1,0.00456120910695649,0.00282485875706215
"18-49","Plumas County",2023.1,1999,14,0.0355959970084405,0.00700350175087544
"18-49","Plumas County",2023.2,260,4,0.00674641272477231,0.0153846153846154
"18-49","Riverside County",2022.4,64982,246,0.00488632720947043,0.00378566372226155
"18-49","Riverside County",2023.1,341127,2095,0.0357018463018494,0.00614140774550241
"18-49","Riverside County",2023.2,43980,665,0.00668385908820186,0.0151205093224193
"18-49","Sacramento County",2022.4,43055,151,0.00494527178951876,0.00350714202763907
"18-49","Sacramento County",2023.1,223568,1366,0.0357824792484732,0.00610999785300222
"18-49","Sacramento County",2023.2,28758,465,0.00668374906308285,0.0161694137283538
"18-49","San Benito County",2022.4,1684,6,0.00487100795732951,0.00356294536817102
"18-49","San Benito County",2023.1,8800,49,0.0354143275100911,0.00556818181818182
"18-49","San Benito County",2023.2,1155,13,0.00673347674764328,0.0112554112554113
"18-49","San Bernardino County",2022.4,60599,209,0.00490955136573253,0.00344890179705936
"18-49","San Bernardino County",2023.1,316341,1896,0.0356645508968534,0.00599353229584531
"18-49","San Bernardino County",2023.2,40898,660,0.00669470833543406,0.0161377084454008
"18-49","San Diego County",2022.4,87923,290,0.00490847201163835,0.00329834059347384
"18-49","San Diego County",2023.1,459049,2817,0.0356689411542387,0.00613659979653588
"18-49","San Diego County",2023.2,59378,860,0.00669822617370965,0.0144834787294958
"18-49","San Francisco County",2022.4,27171,93,0.00495194584079196,0.00342276692061389
"18-49","San Francisco County",2023.1,140733,863,0.0357398898494324,0.00613217937512879
"18-49","San Francisco County",2023.2,18175,278,0.0066997198466529,0.0152957359009629
"18-49","San Joaquin County",2022.4,20789,79,0.00489902434265316,0.00380008658425129
"18-49","San Joaquin County",2023.1,108673,677,0.0356318820308071,0.00622969826911928
"18-49","San Joaquin County",2023.2,13851,189,0.00658370998783646,0.01364522417154
"18-49","San Luis Obispo County",2022.4,6932,14,0.00485448111605445,0.00201961915753029
"18-49","San Luis Obispo County",2023.1,36556,233,0.0356461672276807,0.00637378268957216
"18-49","San Luis Obispo County",2023.2,4743,79,0.0067059152874509,0.0166561248155176
"18-49","San Mateo County",2022.4,19160,78,0.0048771510310618,0.00407098121085595
"18-49","San Mateo County",2023.1,100436,639,0.0355327309321487,0.00636226054402804
"18-49","San Mateo County",2023.2,12949,190,0.00664592157822802,0.0146729477179705
"18-49","Santa Barbara County",2022.4,12913,30,0.00499691586622367,0.00232324014558972
"18-49","Santa Barbara County",2023.1,66327,426,0.0357784580529446,0.00642272377764711
"18-49","Santa Barbara County",2023.2,8652,117,0.00678511071289932,0.0135228848821082
"18-49","Santa Clara County",2022.4,53029,198,0.00490242302412818,0.00373380603066247
"18-49","Santa Clara County",2023.1,277067,1649,0.0356362961928288,0.00595162902835776
"18-49","Santa Clara County",2023.2,35446,492,0.00661274263528782,0.0138802685775546
"18-49","Santa Cruz County",2022.4,7194,21,0.0049897797602492,0.00291909924937448
"18-49","Santa Cruz County",2023.1,37107,236,0.0359464334496448,0.00635998598647155
"18-49","Santa Cruz County",2023.2,4741,70,0.00666945205267474,0.0147648175490403
"18-49","Shasta County",2022.4,4333,14,0.00497529004344911,0.00323101777059774
"18-49","Shasta County",2023.1,22303,152,0.0356919955062941,0.00681522665112317
"18-49","Shasta County",2023.2,2899,45,0.0067358608495224,0.0155225939979303
"18-49","Sierra County",2022.4,53,0,0.00465116279069767,0
"18-49","Sierra County",2023.1,288,2,0.0349556985071004,0.00694444444444444
"18-49","Sierra County",2023.2,44,0,0.00777385159010601,0
"18-49","Siskiyou County",2022.4,927,4,0.00487643215604583,0.00431499460625674
"18-49","Siskiyou County",2023.1,4847,32,0.0354808248358454,0.00660202186919744
"18-49","Siskiyou County",2023.2,667,7,0.00709634862541493,0.0104947526236882
"18-49","Solano County",2022.4,11542,37,0.00492676022189629,0.00320568359036562
"18-49","Solano County",2023.1,59929,381,0.0356228092022866,0.00635752306896494
"18-49","Solano County",2023.2,7719,98,0.00665231465043246,0.012695945070605
"18-49","Sonoma County",2022.4,12267,40,0.00490220173477278,0.00326078095703921
"18-49","Sonoma County",2023.1,64204,389,0.0357380817861248,0.00605881253504455
"18-49","Sonoma County",2023.2,8295,151,0.00670152482916969,0.018203737191079
"18-49","Stanislaus County",2022.4,15250,60,0.0048600605324523,0.0039344262295082
"18-49","Stanislaus County",2023.1,80193,485,0.0355187227025641,0.0060479094185278
"18-49","Stanislaus County",2023.2,10419,163,0.00669295713847978,0.0156444956329782
"18-49","Sutter County",2022.4,2591,10,0.00483680677414296,0.00385951370127364
"18-49","Sutter County",2023.1,13869,90,0.0360750060476162,0.00648929266709929
"18-49","Sutter County",2023.2,1803,27,0.00684157003217777,0.0149750415973378
"18-49","Tehama County",2022.4,1492,8,0.00474592445328032,0.00536193029490617
"18-49","Tehama County",2023.1,8061,43,0.0355793506470578,0.00533432576603399
"18-49","Tehama County",2023.2,1050,15,0.00673659897988644,0.0142857142857143
"18-49","Trinity County",2022.4,265,1,0.00510213904772907,0.00377358490566038
"18-49","Trinity County",2023.1,1345,8,0.0362514150180583,0.00594795539033457
"18-49","Trinity County",2023.2,181,6,0.00711729778616649,0.0331491712707182
"18-49","Tulare County",2022.4,13338,58,0.00499469935751944,0.00434847803268856
"18-49","Tulare County",2023.1,68476,412,0.0357412035384188,0.00601670658332847
"18-49","Tulare County",2023.2,8808,123,0.00667199941824528,0.0139645776566757
"18-49","Tuolumne County",2022.4,1115,3,0.00488715707717325,0.00269058295964126
"18-49","Tuolumne County",2023.1,5875,37,0.0358734811015448,0.00629787234042553
"18-49","Tuolumne County",2023.2,812,17,0.00724747632520819,0.020935960591133
"18-49","Ventura County",2022.4,21379,65,0.00484782272011857,0.0030403667150007
"18-49","Ventura County",2023.1,112243,686,0.0353531615256762,0.00611173970759869
"18-49","Ventura County",2023.2,14530,206,0.00662216341931511,0.0141775636613902
"18-49","Yolo County",2022.4,7084,26,0.00500176163117868,0.00367024280067758
"18-49","Yolo County",2023.1,36149,198,0.0355273076435456,0.00547732993997068
"18-49","Yolo County",2023.2,4720,58,0.00673126014323893,0.0122881355932203
"18-49","Yuba County",2022.4,2141,13,0.00502909168637823,0.00607192900513779
"18-49","Yuba County",2023.1,11006,68,0.0361698002215014,0.0061784481192077
"18-49","Yuba County",2023.2,1360,21,0.00647952280220304,0.0154411764705882
"50-64","Alameda County",2022.4,20019,348,0.00492229903009637,0.0173834856885958
"50-64","Alameda County",2023.1,104750,3104,0.0358853928465595,0.0296324582338902
"50-64","Alameda County",2023.2,13300,992,0.00662052212523738,0.0745864661654135
"50-64","Alpine County",2022.4,21,0,0.00619103773584906,0
"50-64","Alpine County",2023.1,84,4,0.0359127832407012,0.0476190476190476
"50-64","Alpine County",2023.2,11,0,0.00668286755771567,0
"50-64","Amador County",2022.4,465,9,0.00466665997611473,0.0193548387096774
"50-64","Amador County",2023.1,2478,84,0.0343389271510331,0.0338983050847458
"50-64","Amador County",2023.2,316,18,0.00626611144160222,0.0569620253164557
"50-64","Butte County",2022.4,1980,35,0.00465578905043066,0.0176767676767677
"50-64","Butte County",2023.1,11085,323,0.0363203266044345,0.0291384754172305
"50-64","Butte County",2023.2,1358,96,0.00647119650421962,0.0706921944035346
"50-64","Calaveras County",2022.4,574,7,0.00494563250676363,0.0121951219512195
"50-64","Calaveras County",2023.1,2970,86,0.0356512657999928,0.028956228956229
"50-64","Calaveras County",2023.2,369,22,0.00640613878231281,0.0596205962059621
"50-64","Colusa County",2022.4,226,6,0.00466085091464043,0.0265486725663717
"50-64","Colusa County",2023.1,1226,37,0.0350265699102908,0.0301794453507341
"50-64","Colusa County",2023.2,147,16,0.00602113541410666,0.108843537414966
"50-64","Contra Costa County",2022.4,15128,247,0.00493941156092654,0.0163273400317292
"50-64","Contra Costa County",2023.1,78340,2211,0.0356378928060951,0.0282231299463875
"50-64","Contra Costa County",2023.2,9940,746,0.0065480205742232,0.0750503018108652
"50-64","Del Norte County",2022.4,278,4,0.00464502330866013,0.0143884892086331
"50-64","Del Norte County",2023.1,1522,40,0.0353107672319792,0.026281208935611
"50-64","Del Norte County",2023.2,202,15,0.00677352290255516,0.0742574257425743
"50-64","El Dorado County",2022.4,2466,44,0.00499991889831471,0.0178426601784266
"50-64","El Dorado County",2023.1,12580,385,0.0355495772482706,0.03060413354531
"50-64","El Dorado County",2023.2,1595,144,0.00651994407972727,0.090282131661442
"50-64","Fresno County",2022.4,9865,157,0.00487295974139971,0.0159148504815003
"50-64","Fresno County",2023.1,52085,1508,0.0358315062716315,0.0289526735144475
"50-64","Fresno County",2023.2,6865,478,0.00687701414370906,0.0696285506190823
"50-64","Glenn County",2022.4,329,2,0.00536669711601201,0.0060790273556231
"50-64","Glenn County",2023.1,1576,45,0.0361542520245005,0.0285532994923858
"50-64","Glenn County",2023.2,200,18,0.0066577896138482,0.09
"50-64","Humboldt County",2022.4,1443,27,0.00496741745928473,0.0187110187110187
"50-64","Humboldt County",2023.1,7540,218,0.0363398012396017,0.0289124668435013
"50-64","Humboldt County",2023.2,927,74,0.00648778029730411,0.0798274002157497
"50-64","Imperial County",2022.4,1925,34,0.00505869398974596,0.0176623376623377
"50-64","Imperial County",2023.1,9765,287,0.0357397749107878,0.0293906810035842
"50-64","Imperial County",2023.2,1299,96,0.00692859123978579,0.0739030023094688
"50-64","Inyo County",2022.4,232,5,0.0046242774566474,0.021551724137931
"50-64","Inyo County",2023.1,1311,43,0.0366160205563624,0.0327993897787948
"50-64","Inyo County",2023.2,166,18,0.00673783334009823,0.108433734939759
"50-64","Kern County",2022.4,8751,124,0.00482936359020772,0.0141698091646669
"50-64","Kern County",2023.1,46603,1323,0.0358013139619209,0.0283887303392485
"50-64","Kern County",2023.2,6028,485,0.00673046540476023,0.0804578633045786
"50-64","Kings County",2022.4,1153,21,0.00470276333231365,0.018213356461405
"50-64","Kings County",2023.1,6271,188,0.0354207734844077,0.0299792696539627
"50-64","Kings County",2023.2,842,54,0.00692115473137371,0.0641330166270784
"50-64","Lake County",2022.4,706,14,0.00461196759864123,0.0198300283286119
"50-64","Lake County",2023.1,4059,107,0.0371594404570089,0.0263611727026361
"50-64","Lake County",2023.2,501,37,0.00670458347273336,0.0738522954091816
"50-64","Lassen County",2022.4,324,3,0.00469558412196925,0.00925925925925926
"50-64","Lassen County",2023.1,1682,51,0.0334866312289713,0.030321046373365
"50-64","Lassen County",2023.2,259,24,0.00743270389714745,0.0926640926640927
"50-64","Madera County",2022.4,1529,32,0.00475371763103814,0.0209287115761936
"50-64","Madera County",2023.1,8292,220,0.035800480966423,0.0265315967197299
"50-64","Madera County",2023.2,1000,84,0.00626464360442534,0.084
"50-64","Marin County",2022.4,3643,60,0.00496479804188256,0.0164699423552018
"50-64","Marin County",2023.1,18727,527,0.0355369250417004,0.0281411865221338
"50-64","Marin County",2023.2,2456,160,0.00675378387891587,0.0651465798045603
"50-64","Mariposa County",2022.4,233,5,0.00490619275231096,0.0214592274678112
"50-64","Mariposa County",2023.1,1215,45,0.0356169202356873,0.037037037037037
"50-64","Mariposa County",2023.2,178,8,0.00763293310463122,0.0449438202247191
"50-64","Mendocino County",2022.4,948,16,0.00469967677328521,0.0168776371308017
"50-64","Mendocino County",2023.1,5294,165,0.0365956505509394,0.0311673592746505
"50-64","Mendocino County",2023.2,655,56,0.00661435770042514,0.0854961832061069
"50-64","Merced County",2022.4,2691,45,0.00480768371837085,0.0167224080267559
"50-64","Merced County",2023.1,14245,471,0.035293010026733,0.0330642330642331
"50-64","Merced County",2023.2,1851,148,0.00665028347237492,0.0799567801188547
"50-64","Modoc County",2022.4,121,3,0.00536466415428951,0.0247933884297521
"50-64","Modoc County",2023.1,559,16,0.0345274861025324,0.0286225402504472
"50-64","Modoc County",2023.2,60,5,0.0052530204867799,0.0833333333333333
"50-64","Mono County",2022.4,195,5,0.0049508721151649,0.0256410256410256
"50-64","Mono County",2023.1,961,25,0.0335896539671444,0.0260145681581686
"50-64","Mono County",2023.2,131,8,0.00655098264739711,0.0610687022900763
"50-64","Monterey County",2022.4,4516,73,0.00482881033339749,0.0161647475642161
"50-64","Monterey County",2023.1,24190,678,0.0360473936050523,0.0280281107895825
"50-64","Monterey County",2023.2,3169,232,0.00688425159560833,0.0732092142631745
"50-64","Napa County",2022.4,1767,31,0.00511309873460211,0.0175438596491228
"50-64","Napa County",2023.1,8921,243,0.0361561999716295,0.0272390987557449
"50-64","Napa County",2023.2,1156,81,0.00680965368551888,0.0700692041522491
"50-64","Nevada County",2022.4,1171,13,0.00485938492055258,0.0111016225448335
"50-64","Nevada County",2023.1,6253,172,0.0362778770508923,0.027506796737566
"50-64","Nevada County",2023.2,764,59,0.00642940696294676,0.0772251308900524
"50-64","Orange County",2022.4,40788,643,0.00493525114569627,0.0157644405217221
"50-64","Orange County",2023.1,212462,6197,0.0358088560605741,0.0291675687887716
"50-64","Orange County",2023.2,27169,2011,0.00665482780581002,0.0740181824873937
"50-64","Placer County",2022.4,4772,79,0.00486433480323501,0.0165549036043588
"50-64","Placer County",2023.1,25256,726,0.035836516468111,0.0287456445993031
"50-64","Placer County",2023.2,3310,249,0.00684290064563078,0.075226586102719
"50-64","Plumas County",2022.4,214,2,0.00472583530243138,0.00934579439252336
"50-64","Plumas County",2023.1,1167,29,0.0357777914035195,0.0248500428449015
"50-64","Plumas County",2023.2,155,14,0.00695254328518884,0.0903225806451613
"50-64","Riverside County",2022.4,28044,424,0.00486201829931648,0.0151190985594066
"50-64","Riverside County",2023.1,148240,4299,0.0357555482123432,0.0290002698327037
"50-64","Riverside County",2023.2,19030,1394,0.00666954991227597,0.0732527588018917
"50-64","Sacramento County",2022.4,17872,267,0.00494169343693783,0.0149395702775291
"50-64","Sacramento County",2023.1,92350,2579,0.0355400763909601,0.0279263670817542
"50-64","Sacramento County",2023.2,11954,855,0.00666825089224254,0.0715241760080308
"50-64","San Benito County",2022.4,709,16,0.00470627281778958,0.0225669957686883
"50-64","San Benito County",2023.1,3911,110,0.0361430195270264,0.0281257990283815
"50-64","San Benito County",2023.2,520,48,0.00702275643189952,0.0923076923076923
"50-64","San Bernardino County",2022.4,24124,367,0.00496183088350989,0.0152130658265628
"50-64","San Bernardino County",2023.1,125126,3781,0.0358771575941551,0.0302175407189553
"50-64","San Bernardino County",2023.2,15966,1225,0.00665328176060687,0.0767255417762746
"50-64","San Diego County",2022.4,37653,645,0.00492697535033696,0.017130109154649
"50-64","San Diego County",2023.1,195340,5787,0.0355729828894936,0.0296252687621583
"50-64","San Diego County",2023.2,25245,1822,0.00666399702027339,0.0721727074668251
"50-64","San Francisco County",2022.4,10381,168,0.00487563399445509,0.0161834120026972
"50-64","San Francisco County",2023.1,54914,1586,0.0359386698359677,0.0288815238372728
"50-64","San Francisco County",2023.2,7134,520,0.00679726356308478,0.0728903840762546
"50-64","San Joaquin County",2022.4,8793,150,0.0048567123487421,0.0170590242238144
"50-64","San Joaquin County",2023.1,46406,1385,0.0356293643207303,0.0298452786277637
"50-64","San Joaquin County",2023.2,6094,464,0.00680158219936426,0.0761404660321628
"50-64","San Luis Obispo County",2022.4,3063,49,0.00481419078215276,0.0159973881815214
"50-64","San Luis Obispo County",2023.1,16452,491,0.0360342996068468,0.0298443958181376
"50-64","San Luis Obispo County",2023.2,2056,164,0.00653740246360867,0.0797665369649805
"50-64","San Mateo County",2022.4,10419,152,0.00499661185691821,0.0145887321240042
"50-64","San Mateo County",2023.1,53485,1579,0.0357553992424415,0.0295222959708329
"50-64","San Mateo County",2023.2,6849,494,0.00664576583499987,0.0721273178566214
"50-64","Santa Barbara County",2022.4,4634,81,0.00481834506379576,0.0174794993526111
"50-64","Santa Barbara County",2023.1,24708,753,0.0357870678155376,0.0304759592034968
"50-64","Santa Barbara County",2023.2,3199,227,0.0067218168026509,0.0709596748984058
"50-64","Santa Clara County",2022.4,24530,419,0.00492523995736947,0.017081125152874
"50-64","Santa Clara County",2023.1,126959,3803,0.0354373643280595,0.0299545522570279
"50-64","Santa Clara County",2023.2,16397,1225,0.00663274448865735,0.0747087881929621
"50-64","Santa Cruz County",2022.4,3134,46,0.00479440214539552,0.0146777281429483
"50-64","Santa Cruz County",2023.1,16836,537,0.0358422481239023,0.031895937277263
"50-64","Santa Cruz County",2023.2,2175,183,0.00672989154818448,0.0841379310344828
"50-64","Shasta County",2022.4,1964,33,0.00481078949366686,0.0168024439918534
"50-64","Shasta County",2023.1,10446,318,0.0355291620750173,0.0304422745548535
"50-64","Shasta County",2023.2,1391,90,0.00687653869350708,0.0647016534867002
"50-64","Sierra County",2022.4,35,1,0.00408163265306122,0.0285714285714286
"50-64","Sierra County",2023.1,218,6,0.0349807445442875,0.0275229357798165
"50-64","Sierra County",2023.2,22,0,0.00505630889450701,0
"50-64","Siskiyou County",2022.4,454,3,0.0046490195074497,0.0066079295154185
"50-64","Siskiyou County",2023.1,2534,72,0.0359585639279126,0.0284135753749013
"50-64","Siskiyou County",2023.2,343,27,0.00714330341337443,0.0787172011661808
"50-64","Solano County",2022.4,5299,75,0.00493551418669265,0.0141536138894131
"50-64","Solano County",2023.1,27533,781,0.0357585824883859,0.0283659608469836
"50-64","Solano County",2023.2,3603,262,0.00679839540509229,0.0727171801276714
"50-64","Sonoma County",2022.4,6274,78,0.00486637254354449,0.0124322601211348
"50-64","Sonoma County",2023.1,32934,918,0.0354993996123889,0.0278739296775369
"50-64","Sonoma County",2023.2,4329,305,0.00677354546364911,0.0704550704550704
"50-64","Stanislaus County",2022.4,6066,92,0.00501116069584584,0.0151665018133861
"50-64","Stanislaus County",2023.1,30954,917,0.0356451103991967,0.0296246042514699
"50-64","Stanislaus County",2023.2,4004,283,0.00668341414967576,0.0706793206793207
"50-64","Sutter County",2022.4,1136,25,0.0050185323443526,0.0220070422535211
"50-64","Sutter County",2023.1,5753,167,0.0353311101694395,0.0290283330436294
"50-64","Sutter County",2023.2,804,51,0.00719875364862203,0.0634328358208955
"50-64","Tehama County",2022.4,675,10,0.00454524029170342,0.0148148148148148
"50-64","Tehama County",2023.1,3776,128,0.0352725778126518,0.0338983050847458
"50-64","Tehama County",2023.2,494,28,0.00667549525688495,0.0566801619433198
"50-64","Trinity County",2022.4,166,1,0.00522867582209903,0.00602409638554217
"50-64","Trinity County",2023.1,797,21,0.0348278273029191,0.0263488080301129
"50-64","Trinity County",2023.2,114,7,0.0072413135996951,0.0614035087719298
"50-64","Tulare County",2022.4,4605,60,0.00490068790546408,0.0130293159609121
"50-64","Tulare County",2023.1,23977,674,0.0354618005844978,0.02811027234433
"50-64","Tulare County",2023.2,3124,206,0.00669670609520298,0.0659411011523688
"50-64","Tuolumne County",2022.4,654,8,0.00523007533227772,0.0122324159021407
"50-64","Tuolumne County",2023.1,3162,82,0.0351821974965229,0.025932953826692
"50-64","Tuolumne County",2023.2,397,32,0.00637239165329053,0.0806045340050378
"50-64","Ventura County",2022.4,10517,187,0.00491452731845408,0.0177807359513169
"50-64","Ventura County",2023.1,54712,1541,0.0355886284470955,0.0281656674952478
"50-64","Ventura County",2023.2,7235,538,0.00682924711208272,0.0743607463718037
"50-64","Yolo County",2022.4,2116,40,0.00494493039472977,0.0189035916824197
"50-64","Yolo County",2023.1,10921,315,0.0355352081970787,0.0288435124988554
"50-64","Yolo County",2023.2,1492,88,0.00705467372134039,0.0589812332439678
"50-64","Yuba County",2022.4,831,8,0.00485766060676916,0.00962695547533093
"50-64","Yuba County",2023.1,4389,128,0.0357439530906426,0.0291638186375028
"50-64","Yuba County",2023.2,569,42,0.00671751038911976,0.0738137082601054
"65+","Alameda County",2022.4,17674,693,0.00492684853690105,0.0392101391875071
"65+","Alameda County",2023.1,92052,6632,0.0357374825441429,0.0720462347368878
"65+","Alameda County",2023.2,11784,2363,0.00664241710929719,0.200526137135098
"65+","Alpine County",2022.4,17,1,0.00384876613085805,0.0588235294117647
"65+","Alpine County",2023.1,101,5,0.0303576795912233,0.0495049504950495
"65+","Alpine County",2023.2,15,1,0.00635862653666808,0.0666666666666667
"65+","Amador County",2022.4,717,30,0.00486190692533549,0.0418410041841004
"65+","Amador County",2023.1,3737,285,0.0352793459584993,0.0762643831950763
"65+","Amador County",2023.2,508,97,0.00693600578910719,0.190944881889764
"65+","Butte County",2022.4,2800,106,0.0048312846385854,0.0378571428571429
"65+","Butte County",2023.1,15074,1042,0.0362634719014627,0.0691256468090752
"65+","Butte County",2023.2,1997,367,0.00702721153067939,0.183775663495243
"65+","Calaveras County",2022.4,880,31,0.004691656847953,0.0352272727272727
"65+","Calaveras County",2023.1,4803,341,0.0354464944649446,0.0709972933583177
"65+","Calaveras County",2023.2,607,107,0.00649413174421466,0.176276771004942
"65+","Colusa County",2022.4,230,6,0.00464768525067189,0.0260869565217391
"65+","Colusa County",2023.1,1255,85,0.0350686003297287,0.0677290836653386
"65+","Colusa County",2023.2,172,36,0.00700496864054736,0.209302325581395
"65+","Contra Costa County",2022.4,13923,488,0.00489621177461038,0.0350499174028586
"65+","Contra Costa County",2023.1,72782,5057,0.0356212601885849,0.0694814651974389
"65+","Contra Costa County",2023.2,9323,1813,0.00661540666692212,0.194465300868819
"65+","Del Norte County",2022.4,327,14,0.00476294516058554,0.0428134556574924
"65+","Del Norte County",2023.1,1755,115,0.0354488163529127,0.0655270655270655
"65+","Del Norte County",2023.2,243,37,0.00717173803972494,0.152263374485597
"65+","El Dorado County",2022.4,2939,123,0.00497335641485137,0.041850969717591
"65+","El Dorado County",2023.1,14983,1100,0.0352218792681522,0.0734165387439098
"65+","El Dorado County",2023.2,2015,364,0.00687227794697944,0.180645161290323
"65+","Fresno County",2022.4,8732,336,0.00483205670085408,0.0384791571232249
"65+","Fresno County",2023.1,46335,3321,0.0356312346009394,0.0716736808028488
"65+","Fresno County",2023.2,5897,1155,0.00658098110967149,0.195862302865864
"65+","Glenn County",2022.4,317,15,0.0048188009242369,0.0473186119873817
"65+","Glenn County",2023.1,1726,135,0.0366190011456698,0.078215527230591
"65+","Glenn County",2023.2,221,46,0.00688130526840204,0.208144796380091
"65+","Humboldt County",2022.4,1702,70,0.0048263013574327,0.0411280846063455
"65+","Humboldt County",2023.1,9212,692,0.0364345408306537,0.075119409465914
"65+","Humboldt County",2023.2,1166,262,0.00673926110879919,0.224699828473413
"65+","Imperial County",2022.4,1769,71,0.00490772696503279,0.040135669869983
"65+","Imperial County",2023.1,9289,653,0.0359099255822944,0.0702982021746151
"65+","Imperial County",2023.2,1151,230,0.00645729545352543,0.199826238053866
"65+","Inyo County",2022.4,302,14,0.00481581884866847,0.0463576158940397
"65+","Inyo County",2023.1,1624,124,0.0359077542176134,0.0763546798029557
"65+","Inyo County",2023.2,210,35,0.00679062247372676,0.166666666666667
"65+","Kern County",2022.4,7134,275,0.00483093750253939,0.0385477992710962
"65+","Kern County",2023.1,37910,2745,0.0357431771168239,0.072408335531522
"65+","Kern County",2023.2,4932,969,0.00675222404459863,0.19647201946472
"65+","Kings County",2022.4,1075,33,0.00474674461630849,0.0306976744186047
"65+","Kings County",2023.1,5777,425,0.0353932962879006,0.0735675956378743
"65+","Kings County",2023.2,760,150,0.00675021538516196,0.197368421052632
"65+","Lake County",2022.4,947,48,0.00470285597938093,0.0506863780359029
"65+","Lake County",2023.1,5151,374,0.0356902823488654,0.0726072607260726
"65+","Lake County",2023.2,638,134,0.00636618537773033,0.210031347962382
"65+","Lassen County",2022.4,354,14,0.00489423475736209,0.0395480225988701
"65+","Lassen County",2023.1,1864,147,0.0361219308954906,0.078862660944206
"65+","Lassen County",2023.2,224,42,0.00626643540536004,0.1875
"65+","Madera County",2022.4,1562,66,0.00477589670365286,0.0422535211267606
"65+","Madera County",2023.1,8403,541,0.0356580594513165,0.0643817684160419
"65+","Madera County",2023.2,1095,217,0.00676928783382789,0.198173515981735
"65+","Marin County",2022.4,4191,176,0.00487428168021409,0.041994750656168
"65+","Marin County",2023.1,21872,1545,0.0352890305842568,0.070638258961229
"65+","Marin County",2023.2,2847,558,0.00665949334518491,0.195995785036881
"65+","Mariposa County",2022.4,346,10,0.00477234796761424,0.0289017341040462
"65+","Mariposa County",2023.1,1843,131,0.0352087114337568,0.0710797612588171
"65+","Mariposa County",2023.2,224,58,0.00618699074713437,0.258928571428571
"65+","Mendocino County",2022.4,1363,66,0.00502710876701213,0.0484225972120323
"65+","Mendocino County",2023.1,7053,518,0.0363255236633515,0.0734439245711045
"65+","Mendocino County",2023.2,899,185,0.0067661646609015,0.205784204671858
"65+","Merced County",2022.4,2255,74,0.00491575636159911,0.0328159645232816
"65+","Merced County",2023.1,11716,863,0.0355373831067001,0.0736599522021168
"65+","Merced County",2023.2,1556,330,0.00685480673497978,0.212082262210797
"65+","Modoc County",2022.4,178,7,0.00515523632993512,0.0393258426966292
"65+","Modoc County",2023.1,897,72,0.0364871461112919,0.0802675585284281
"65+","Modoc County",2023.2,123,27,0.00731663791565047,0.219512195121951
"65+","Mono County",2022.4,179,10,0.00520818179173092,0.0558659217877095
"65+","Mono County",2023.1,839,80,0.0336893671699325,0.0953516090584029
"65+","Mono County",2023.2,108,15,0.00616473543010446,0.138888888888889
"65+","Monterey County",2022.4,4532,176,0.00503250809232187,0.0388349514563107
"65+","Monterey County",2023.1,23228,1746,0.0360515847455917,0.075167900809368
"65+","Monterey County",2023.2,3011,555,0.00679381855021582,0.184324144802391
"65+","Napa County",2022.4,1878,87,0.00497927951575314,0.0463258785942492
"65+","Napa County",2023.1,9698,641,0.0358864865064887,0.0660961022891318
"65+","Napa County",2023.2,1270,247,0.0068278835711444,0.194488188976378
"65+","Nevada County",2022.4,1948,97,0.00503021226049682,0.0497946611909651
"65+","Nevada County",2023.1,9897,761,0.0356508614634252,0.0768919874709508
"65+","Nevada County",2023.2,1279,233,0.00667749126809684,0.182173573103987
"65+","Orange County",2022.4,34758,1342,0.00490556525779269,0.0386098164451349
"65+","Orange County",2023.1,181387,13046,0.0356287361047301,0.0719235667385204
"65+","Orange County",2023.2,23421,4587,0.00667446746179301,0.195849878314333
"65+","Placer County",2022.4,5642,210,0.00486769565254903,0.0372208436724566
"65+","Placer County",2023.1,29902,2130,0.0359398606492059,0.07123269346532
"65+","Placer County",2023.2,3916,753,0.00685562227552039,0.192288049029622
"65+","Plumas County",2022.4,389,19,0.00481763576692055,0.0488431876606684
"65+","Plumas County",2023.1,2051,148,0.03542620260817,0.0721599219892735
"65+","Plumas County",2023.2,236,51,0.00581309424109562,0.216101694915254
"65+","Riverside County",2022.4,26410,1113,0.00484369589586182,0.0421431276031806
"65+","Riverside County",2023.1,139669,10023,0.0356272657797241,0.0717625242537714
"65+","Riverside County",2023.2,18250,3608,0.00675649910425482,0.197698630136986
"65+","Sacramento County",2022.4,15781,632,0.00497981378317535,0.0400481591787593
"65+","Sacramento County",2023.1,80896,5832,0.035508251797118,0.0720925632911392
"65+","Sacramento County",2023.2,10307,1919,0.00655383914957149,0.18618414669642
"65+","San Benito County",2022.4,616,24,0.00488419850778221,0.038961038961039
"65+","San Benito County",2023.1,3290,234,0.0364575253208041,0.0711246200607903
"65+","San Benito County",2023.2,407,75,0.00658352339819802,0.184275184275184
"65+","San Bernardino County",2022.4,18909,741,0.00494161606969955,0.0391876884023481
"65+","San Bernardino County",2023.1,97680,7055,0.0355206329130955,0.0722256347256347
"65+","San Bernardino County",2023.2,12754,2505,0.00672351659845097,0.196408969734985
"65+","San Diego County",2022.4,35489,1360,0.00493154560578429,0.0383217334948857
"65+","San Diego County",2023.1,184444,13370,0.0356968811387763,0.0724881264774132
"65+","San Diego County",2023.2,23825,4747,0.00669184617151967,0.199244491080797
"65+","San Francisco County",2022.4,10340,392,0.00493561033308687,0.0379110251450677
"65+","San Francisco County",2023.1,53658,3881,0.0356510241912444,0.0723284505572328
"65+","San Francisco County",2023.2,6934,1346,0.00668713762734879,0.194115950389386
"65+","San Joaquin County",2022.4,6888,273,0.0047905724205466,0.0396341463414634
"65+","San Joaquin County",2023.1,36883,2640,0.0356394676932472,0.0715776916194453
"65+","San Joaquin County",2023.2,4748,872,0.00666057843785027,0.183656276326874
"65+","San Luis Obispo County",2022.4,4286,163,0.00487199365254023,0.0380307979468035
"65+","San Luis Obispo County",2023.1,22604,1620,0.0357879070945678,0.071668731198018
"65+","San Luis Obispo County",2023.2,2926,592,0.00673327841162745,0.202323991797676
"65+","San Mateo County",2022.4,9589,407,0.00495835632220164,0.0424444676191469
"65+","San Mateo County",2023.1,49284,3521,0.0354660404962252,0.0714430646863079
"65+","San Mateo County",2023.2,6367,1255,0.00663368059354094,0.197110098947699
"65+","Santa Barbara County",2022.4,4741,177,0.0048985875618652,0.0373338958025733
"65+","Santa Barbara County",2023.1,24695,1797,0.0354427727313827,0.0727677667544037
"65+","Santa Barbara County",2023.2,3286,681,0.00684894389535247,0.207242848447961
"65+","Santa Clara County",2022.4,20535,852,0.00485685005069714,0.0414901387874361
"65+","Santa Clara County",2023.1,108756,7907,0.0358384836297191,0.0727040347199235
"65+","Santa Clara County",2023.2,13921,2763,0.00666063170022421,0.198477120896487
"65+","Santa Cruz County",2022.4,3394,124,0.00486862320098348,0.0365350618738951
"65+","Santa Cruz County",2023.1,17950,1249,0.0358512423104578,0.0695821727019499
"65+","Santa Cruz County",2023.2,2317,415,0.00673303809092071,0.179110919292188
"65+","Shasta County",2022.4,2453,99,0.00495915219320679,0.0403587443946188
"65+","Shasta County",2023.1,12558,882,0.035311882259983,0.0702341137123746
"65+","Shasta County",2023.2,1646,313,0.00669296141178384,0.190157958687728
"65+","Sierra County",2022.4,55,2,0.00396510705789056,0.0363636363636364
"65+","Sierra County",2023.1,374,22,0.0379348818338574,0.0588235294117647
"65+","Sierra County",2023.2,35,15,0.00510352872557597,0.428571428571429
"65+","Siskiyou County",2022.4,737,28,0.0046755355930698,0.0379918588873813
"65+","Siskiyou County",2023.1,4163,312,0.0368374480134501,0.0749459524381456
"65+","Siskiyou County",2023.2,498,101,0.00645889265009144,0.20281124497992
"65+","Solano County",2022.4,5115,182,0.00481453452910746,0.0355816226783969
"65+","Solano County",2023.1,27115,1936,0.0354419426602567,0.0713995943204868
"65+","Solano County",2023.2,3452,717,0.00653175526731568,0.207705677867903
"65+","Sonoma County",2022.4,7464,329,0.00493156984342398,0.0440782422293676
"65+","Sonoma County",2023.1,38884,2858,0.035808646051186,0.0735006686554881
"65+","Sonoma County",2023.2,5031,980,0.00672802259524344,0.194792287815544
"65+","Stanislaus County",2022.4,5146,196,0.00488501328047722,0.038087835211815
"65+","Stanislaus County",2023.1,26935,1929,0.0355768240139269,0.0716168553926118
"65+","Stanislaus County",2023.2,3596,653,0.00689865537609758,0.181590656284761
"65+","Sutter County",2022.4,997,50,0.00479039039039039,0.0501504513540622
"65+","Sutter County",2023.1,5367,396,0.0359983902340868,0.0737842370039128
"65+","Sutter County",2023.2,713,144,0.00695223144202736,0.201963534361851
"65+","Tehama County",2022.4,828,31,0.00491213915354588,0.03743961352657
"65+","Tehama County",2023.1,4205,303,0.0345706416738603,0.0720570749108204
"65+","Tehama County",2023.2,552,113,0.00651711924439197,0.204710144927536
"65+","Trinity County",2022.4,266,9,0.00481360839667029,0.0338345864661654
"65+","Trinity County",2023.1,1390,117,0.034956241826778,0.0841726618705036
"65+","Trinity County",2023.2,197,35,0.00718453683442743,0.177664974619289
"65+","Tulare County",2022.4,3793,144,0.00471629490458611,0.0379646717637754
"65+","Tulare County",2023.1,20723,1541,0.035910472487064,0.074361820199778
"65+","Tulare County",2023.2,2680,529,0.00673583464028632,0.197388059701493
"65+","Tuolumne County",2022.4,1002,28,0.00499982535540176,0.0279441117764471
"65+","Tuolumne County",2023.1,5155,367,0.0359281019786592,0.0711930164888458
"65+","Tuolumne County",2023.2,629,117,0.00633561643835616,0.186009538950715
"65+","Ventura County",2022.4,9667,395,0.00488200762778972,0.0408606599772422
"65+","Ventura County",2023.1,51021,3647,0.0359083573620895,0.0714803708276984
"65+","Ventura County",2023.2,6511,1298,0.00665881231578581,0.199354937797573
"65+","Yolo County",2022.4,2060,77,0.00495849069320181,0.037378640776699
"65+","Yolo County",2023.1,10639,715,0.0356401082703543,0.0672055644327474
"65+","Yolo County",2023.2,1397,304,0.00679673056339399,0.217609162491052
"65+","Yuba County",2022.4,728,24,0.00511548488191522,0.032967032967033
"65+","Yuba County",2023.1,3758,264,0.0371858301998813,0.0702501330494944
"65+","Yuba County",2023.2,463,89,0.00669713888969248,0.192224622030238
